[
{
  "model": "accounts.user",
  "pk": "1329de96-5fdf-4ac8-af0b-1bd7ee568598",
  "fields": {
    "password": "pbkdf2_sha256$1000000$ibuAGFxnFOvBYpmTlmpk3T$JXBIVxJpGk8fqtpwmgNkzHjm4TEo+BcwEFpLhCJlT/8=",
    "last_login": null,
    "is_superuser": false,
    "username": "worker",
    "first_name": "Worker",
    "last_name": "",
    "email": "worker@farmerp.local",
    "is_staff": false,
    "is_active": true,
    "date_joined": "2026-06-23T14:23:47.001Z",
    "role": "EMPLOYEE",
    "phone": "9999999995",
    "preferred_language": "en",
    "avatar": "",
    "fcm_token": "",
    "aadhaar_number": "987654321098",
    "aadhaar_photo": "aadhaar/aadhaar_sample.png",
    "groups": [],
    "user_permissions": [],
    "farms": [
      "c1abee3a-865e-4d4c-837a-44eb4d4f552a"
    ]
  }
},
{
  "model": "accounts.user",
  "pk": "1b3975f7-08b1-4003-b425-ad21d1835be3",
  "fields": {
    "password": "pbkdf2_sha256$1200000$fYLDWFBgogpoSRAqIFEs6z$iQ8VfNba+qeZM056+HBgNO3n4yAJ9GDWMpa7YaOUh9A=",
    "last_login": null,
    "is_superuser": false,
    "username": "nj",
    "first_name": "nj",
    "last_name": "nj",
    "email": "nj@example.com",
    "is_staff": false,
    "is_active": true,
    "date_joined": "2026-06-25T07:29:49.850Z",
    "role": "EMPLOYEE",
    "phone": "",
    "preferred_language": "en",
    "avatar": "",
    "fcm_token": "",
    "aadhaar_number": "",
    "aadhaar_photo": "",
    "groups": [],
    "user_permissions": [],
    "farms": [
      "1359a817-9ea7-4c67-9355-af8eb5ef462f"
    ]
  }
},
{
  "model": "accounts.user",
  "pk": "540b373b-dbd6-4afe-bc5c-6e95d9811a3b",
  "fields": {
    "password": "pbkdf2_sha256$1000000$q7VFV0JH99a8CNS50L0L9H$DUPWSxrC07enIbupAB4yYHQbgMzjNr/sTInQozuzOdM=",
    "last_login": null,
    "is_superuser": false,
    "username": "kk",
    "first_name": "kk",
    "last_name": "kk",
    "email": "",
    "is_staff": false,
    "is_active": true,
    "date_joined": "2026-06-21T17:03:57.271Z",
    "role": "EMPLOYEE",
    "phone": "",
    "preferred_language": "en",
    "avatar": "",
    "fcm_token": "",
    "aadhaar_number": "230103040242",
    "aadhaar_photo": "aadhaar/th.jpeg",
    "groups": [],
    "user_permissions": [],
    "farms": [
      "1359a817-9ea7-4c67-9355-af8eb5ef462f"
    ]
  }
},
{
  "model": "accounts.user",
  "pk": "613628b5-9ae8-4768-8a3b-05601cf5d738",
  "fields": {
    "password": "pbkdf2_sha256$1000000$EUYeVPrFIxieRYxrdLtSM6$EcIt8dlQJOxwM+mLEoG7OX+uljdZuN/dvTbLvs8syco=",
    "last_login": null,
    "is_superuser": false,
    "username": "manager",
    "first_name": "Pranav",
    "last_name": "Nayee",
    "email": "",
    "is_staff": false,
    "is_active": true,
    "date_joined": "2026-06-17T19:22:23.927Z",
    "role": "FARM_MANAGER",
    "phone": "",
    "preferred_language": "gu",
    "avatar": "",
    "fcm_token": "",
    "aadhaar_number": "101010101010",
    "aadhaar_photo": "aadhaar/DSC_0039.JPG",
    "groups": [],
    "user_permissions": [],
    "farms": [
      "c1abee3a-865e-4d4c-837a-44eb4d4f552a"
    ]
  }
},
{
  "model": "accounts.user",
  "pk": "754efd9b-9266-4f35-9fb1-bffe73e7590b",
  "fields": {
    "password": "pbkdf2_sha256$1200000$BeJYxXDNi2h0IH9IBJlR4D$o1JmR95ksE/No3H+puEmM3R2OPGmMvt+xk/e20lELwU=",
    "last_login": null,
    "is_superuser": false,
    "username": "p1p2",
    "first_name": "p1",
    "last_name": "p2",
    "email": "p1p2@example.com",
    "is_staff": false,
    "is_active": true,
    "date_joined": "2026-06-25T05:55:16.229Z",
    "role": "EMPLOYEE",
    "phone": "",
    "preferred_language": "en",
    "avatar": "",
    "fcm_token": "",
    "aadhaar_number": "",
    "aadhaar_photo": "",
    "groups": [],
    "user_permissions": [],
    "farms": [
      "1359a817-9ea7-4c67-9355-af8eb5ef462f"
    ]
  }
},
{
  "model": "accounts.user",
  "pk": "765040af-a147-4990-b863-40ab125fb2a3",
  "fields": {
    "password": "pbkdf2_sha256$1200000$zPaOsQcAJDqjR5CbtoZ0WP$HCI9iLZ8RaFahysJkmy6d0/Z/dCokN1MeJ2oEUockW8=",
    "last_login": null,
    "is_superuser": false,
    "username": "kl",
    "first_name": "rahul",
    "last_name": "",
    "email": "kl@example.com",
    "is_staff": false,
    "is_active": true,
    "date_joined": "2026-06-25T11:13:59.782Z",
    "role": "EMPLOYEE",
    "phone": "",
    "preferred_language": "en",
    "avatar": "",
    "fcm_token": "",
    "aadhaar_number": "",
    "aadhaar_photo": "",
    "groups": [],
    "user_permissions": [],
    "farms": [
      "1359a817-9ea7-4c67-9355-af8eb5ef462f"
    ]
  }
},
{
  "model": "accounts.user",
  "pk": "7a30e618-f87b-47ee-bb6a-f8b799e912cd",
  "fields": {
    "password": "pbkdf2_sha256$1000000$osx504y4maSJvj5fPEFGvj$Yu4azU+nHb8Xyuu+VJvDPYc6HxE5M+W3CpgPnMUhgdA=",
    "last_login": null,
    "is_superuser": false,
    "username": "s1s2",
    "first_name": "s1",
    "last_name": "s2",
    "email": "",
    "is_staff": false,
    "is_active": true,
    "date_joined": "2026-06-25T06:51:38.523Z",
    "role": "EMPLOYEE",
    "phone": "",
    "preferred_language": "hi",
    "avatar": "",
    "fcm_token": "",
    "aadhaar_number": "",
    "aadhaar_photo": "",
    "groups": [],
    "user_permissions": [],
    "farms": [
      "61f13c11-d266-47d0-a4da-85b32c4ced3d"
    ]
  }
},
{
  "model": "accounts.user",
  "pk": "7cd32a57-a60e-4797-87d8-9754de897160",
  "fields": {
    "password": "pbkdf2_sha256$1200000$7i1AYKLKpYnW53lxRio3m6$1aAxq+8kNp8zgrWyHCjMZfdrC3rXRz7epYYN2wBTxWE=",
    "last_login": null,
    "is_superuser": false,
    "username": "gg",
    "first_name": "dd",
    "last_name": "ff",
    "email": "",
    "is_staff": false,
    "is_active": true,
    "date_joined": "2026-06-22T07:39:43.287Z",
    "role": "EMPLOYEE",
    "phone": "",
    "preferred_language": "en",
    "avatar": "",
    "fcm_token": "",
    "aadhaar_number": "",
    "aadhaar_photo": "",
    "groups": [],
    "user_permissions": [],
    "farms": [
      "c1abee3a-865e-4d4c-837a-44eb4d4f552a"
    ]
  }
},
{
  "model": "accounts.user",
  "pk": "814ac1e2-6159-4e8a-a30a-eed4c8f266d4",
  "fields": {
    "password": "pbkdf2_sha256$1200000$ILtDR5dn4yDL9KiDETG1Be$2yxRGf0Wmik8PVNdwy6P5VOGQe4VvNHv6lEIxXMsClM=",
    "last_login": null,
    "is_superuser": false,
    "username": "ak",
    "first_name": "aashish",
    "last_name": "",
    "email": "",
    "is_staff": false,
    "is_active": true,
    "date_joined": "2026-06-22T07:36:50.072Z",
    "role": "EMPLOYEE",
    "phone": "",
    "preferred_language": "en",
    "avatar": "",
    "fcm_token": "",
    "aadhaar_number": "",
    "aadhaar_photo": "",
    "groups": [],
    "user_permissions": [],
    "farms": [
      "1359a817-9ea7-4c67-9355-af8eb5ef462f"
    ]
  }
},
{
  "model": "accounts.user",
  "pk": "81cba52f-b3bc-4360-a57f-ce80c5ab91a1",
  "fields": {
    "password": "pbkdf2_sha256$1200000$cW5X7PK8ljLKsetBzV2UWy$bolMMpFMp8rGd2yPhnaFGBTbN/ga5bp50zZg7i8pVqA=",
    "last_login": null,
    "is_superuser": false,
    "username": "dp",
    "first_name": "d",
    "last_name": "p",
    "email": "dp@example.com",
    "is_staff": false,
    "is_active": true,
    "date_joined": "2026-06-25T13:38:22.504Z",
    "role": "EMPLOYEE",
    "phone": "",
    "preferred_language": "en",
    "avatar": "",
    "fcm_token": "",
    "aadhaar_number": "",
    "aadhaar_photo": "",
    "groups": [],
    "user_permissions": [],
    "farms": [
      "d9794d6b-9d7c-411e-95d9-2e4470f4b878"
    ]
  }
},
{
  "model": "accounts.user",
  "pk": "83013cca-fca0-4300-86c0-a447c810d1f6",
  "fields": {
    "password": "pbkdf2_sha256$1200000$8F0Tvpkip3ssPmgEGcklVC$sfKlnI9a5LY/2YxLXdaK/jNkoTNKl48y2ME8KUpxt2M=",
    "last_login": null,
    "is_superuser": false,
    "username": "ramesh",
    "first_name": "hlo",
    "last_name": "hii",
    "email": "",
    "is_staff": false,
    "is_active": true,
    "date_joined": "2026-06-23T11:48:02.558Z",
    "role": "EMPLOYEE",
    "phone": "",
    "preferred_language": "en",
    "avatar": "",
    "fcm_token": "",
    "aadhaar_number": "123456789100",
    "aadhaar_photo": "aadhaar/PWLG2936.JPG",
    "groups": [],
    "user_permissions": [],
    "farms": [
      "c1abee3a-865e-4d4c-837a-44eb4d4f552a"
    ]
  }
},
{
  "model": "accounts.user",
  "pk": "84d21340-4d54-43d3-aa25-a2e23d9b5468",
  "fields": {
    "password": "pbkdf2_sha256$1200000$FsT6tICC21xvxf4DQQFZo9$+H6oZCXMNH9x3j7RfpODQTFJ0zUozpFvJsVbWTr94BY=",
    "last_login": null,
    "is_superuser": false,
    "username": "vv",
    "first_name": "vivek",
    "last_name": "",
    "email": "vv@example.com",
    "is_staff": false,
    "is_active": true,
    "date_joined": "2026-06-25T10:13:05.564Z",
    "role": "EMPLOYEE",
    "phone": "",
    "preferred_language": "en",
    "avatar": "",
    "fcm_token": "",
    "aadhaar_number": "",
    "aadhaar_photo": "",
    "groups": [],
    "user_permissions": [],
    "farms": [
      "c1abee3a-865e-4d4c-837a-44eb4d4f552a"
    ]
  }
},
{
  "model": "accounts.user",
  "pk": "98593bc4-6fbb-44eb-b051-f6d6b8f6d185",
  "fields": {
    "password": "pbkdf2_sha256$1000000$5JlCM7NPOf0JQWUgatevOe$Xd9x5QHBWUFHW8i0W6xIyJTx10DCg4+xtcQACthnpk0=",
    "last_login": null,
    "is_superuser": false,
    "username": "sdds",
    "first_name": "sda",
    "last_name": "asd",
    "email": "",
    "is_staff": false,
    "is_active": true,
    "date_joined": "2026-06-26T14:26:20.955Z",
    "role": "FARM_MANAGER",
    "phone": "",
    "preferred_language": "en",
    "avatar": "",
    "fcm_token": "",
    "aadhaar_number": "",
    "aadhaar_photo": "",
    "groups": [],
    "user_permissions": [],
    "farms": [
      "61f13c11-d266-47d0-a4da-85b32c4ced3d"
    ]
  }
},
{
  "model": "accounts.user",
  "pk": "b1e91215-8b87-41cb-b0d6-f80ff430f912",
  "fields": {
    "password": "pbkdf2_sha256$1200000$bHyj82MvOF9PZRc8s5G4sY$4hdm8uFdXvLtVX0Fg1sZn0wlccdFA8Oe+RZyRs9PlX8=",
    "last_login": null,
    "is_superuser": false,
    "username": "sahilsarma",
    "first_name": "ds",
    "last_name": "ff",
    "email": "",
    "is_staff": false,
    "is_active": true,
    "date_joined": "2026-06-22T07:32:53.668Z",
    "role": "EMPLOYEE",
    "phone": "",
    "preferred_language": "en",
    "avatar": "",
    "fcm_token": "",
    "aadhaar_number": "",
    "aadhaar_photo": "",
    "groups": [],
    "user_permissions": [],
    "farms": [
      "c1abee3a-865e-4d4c-837a-44eb4d4f552a"
    ]
  }
},
{
  "model": "accounts.user",
  "pk": "bbbd9c3e-e418-413b-9f86-5660f2e8c307",
  "fields": {
    "password": "pbkdf2_sha256$1200000$gyLPhOkhdrwTIA5W7C87EB$//lX3uGfNPgTpGDlLiZZ5XlQNN/JZHYIDDxYX4elt9A=",
    "last_login": null,
    "is_superuser": false,
    "username": "u",
    "first_name": "u",
    "last_name": "u",
    "email": "u@example.com",
    "is_staff": false,
    "is_active": true,
    "date_joined": "2026-06-25T08:12:28.630Z",
    "role": "EMPLOYEE",
    "phone": "",
    "preferred_language": "en",
    "avatar": "",
    "fcm_token": "",
    "aadhaar_number": "",
    "aadhaar_photo": "",
    "groups": [],
    "user_permissions": [],
    "farms": [
      "1359a817-9ea7-4c67-9355-af8eb5ef462f"
    ]
  }
},
{
  "model": "accounts.user",
  "pk": "dffb0e83-06f3-405b-9b6e-0e44e6b6a529",
  "fields": {
    "password": "pbkdf2_sha256$1200000$cYxxkYdurPHE0zfblbj90b$B55fJFNmZCIOdcsusb8If3eIwRKA688FtgF09l2cKt8=",
    "last_login": null,
    "is_superuser": false,
    "username": "klo",
    "first_name": "klo",
    "last_name": "klo",
    "email": "",
    "is_staff": false,
    "is_active": true,
    "date_joined": "2026-06-22T14:26:36.150Z",
    "role": "EMPLOYEE",
    "phone": "",
    "preferred_language": "en",
    "avatar": "",
    "fcm_token": "",
    "aadhaar_number": "",
    "aadhaar_photo": "",
    "groups": [],
    "user_permissions": [],
    "farms": [
      "1359a817-9ea7-4c67-9355-af8eb5ef462f"
    ]
  }
},
{
  "model": "accounts.user",
  "pk": "e6fe970a-89fa-4bee-bde0-d3a7a27b2786",
  "fields": {
    "password": "pbkdf2_sha256$1000000$jZSESnwACwtlWhtTndPY3n$dt6EyYRjB8whm/aStM2wbcjMtJt+ca+rFhWzYLnL3XE=",
    "last_login": null,
    "is_superuser": false,
    "username": "dps",
    "first_name": "ds",
    "last_name": "ps",
    "email": "dps@example.com",
    "is_staff": false,
    "is_active": true,
    "date_joined": "2026-06-26T13:52:13.372Z",
    "role": "EMPLOYEE",
    "phone": "",
    "preferred_language": "en",
    "avatar": "",
    "fcm_token": "",
    "aadhaar_number": "",
    "aadhaar_photo": "",
    "groups": [],
    "user_permissions": [],
    "farms": [
      "7082851b-edcc-487c-b866-43e05f38c304"
    ]
  }
},
{
  "model": "accounts.user",
  "pk": "ef56c7a6-b735-42ca-8b84-25f327f9a8d6",
  "fields": {
    "password": "pbkdf2_sha256$1000000$URTyAObGdGlTdwBCPVRcWJ$IvXkq7LIfwxMwd5/yQ3LRWaZwCpq3p3eW1BVxg7K2eY=",
    "last_login": null,
    "is_superuser": true,
    "username": "risingyeti",
    "first_name": "rising",
    "last_name": "yeti",
    "email": "risingyeti00@gmail.com",
    "is_staff": true,
    "is_active": true,
    "date_joined": "2026-06-26T09:40:20.611Z",
    "role": "SUPER_ADMIN",
    "phone": "+91 74879 37443",
    "preferred_language": "en",
    "avatar": "",
    "fcm_token": "",
    "aadhaar_number": "",
    "aadhaar_photo": "",
    "groups": [],
    "user_permissions": [],
    "farms": [
      "c1abee3a-865e-4d4c-837a-44eb4d4f552a"
    ]
  }
},
{
  "model": "accounts.user",
  "pk": "f1f2c199-e8f0-4512-9dca-72db650b8a59",
  "fields": {
    "password": "pbkdf2_sha256$1000000$LySKCSiOnkmYLSyc7k3TZE$WtgUJnVICxfKH78AnSTidY6p7hKW0h0Pa/G2wpg9THw=",
    "last_login": null,
    "is_superuser": false,
    "username": "pks",
    "first_name": "pk",
    "last_name": "s",
    "email": "pks@example.com",
    "is_staff": false,
    "is_active": true,
    "date_joined": "2026-06-26T21:31:08.823Z",
    "role": "EMPLOYEE",
    "phone": "",
    "preferred_language": "gu",
    "avatar": "",
    "fcm_token": "",
    "aadhaar_number": "111111111121",
    "aadhaar_photo": "aadhaar/eyestation.jpg",
    "groups": [],
    "user_permissions": [],
    "farms": [
      "61f13c11-d266-47d0-a4da-85b32c4ced3d",
      "8904bc5f-155e-4586-8eb2-80b8604689c3"
    ]
  }
},
{
  "model": "farms.farm",
  "pk": "1359a817-9ea7-4c67-9355-af8eb5ef462f",
  "fields": {
    "created_at": "2026-06-20T18:33:44.153Z",
    "updated_at": "2026-06-25T13:37:29.486Z",
    "is_active": true,
    "name": "white",
    "code": "111",
    "location": "nthing",
    "latitude": "12.000000",
    "longitude": "12.000000",
    "total_area": "12.00",
    "geofence": [],
    "manager": null,
    "established_date": "2026-06-28",
    "soil_type": "ewdw",
    "climate_zone": "dsds",
    "irrigation_type": "wdsd",
    "notes": "mfm"
  }
},
{
  "model": "farms.farm",
  "pk": "61f13c11-d266-47d0-a4da-85b32c4ced3d",
  "fields": {
    "created_at": "2026-06-26T14:13:45.430Z",
    "updated_at": "2026-06-26T14:20:54.147Z",
    "is_active": true,
    "name": "risingyeti",
    "code": "RISINGYETI",
    "location": "ahmendad",
    "latitude": "23.114200",
    "longitude": "71.540000",
    "total_area": "1000.00",
    "geofence": [],
    "manager": "98593bc4-6fbb-44eb-b051-f6d6b8f6d185",
    "established_date": "2026-06-26",
    "soil_type": "",
    "climate_zone": "",
    "irrigation_type": "",
    "notes": "nnnn"
  }
},
{
  "model": "farms.farm",
  "pk": "7082851b-edcc-487c-b866-43e05f38c304",
  "fields": {
    "created_at": "2026-06-26T13:50:37.877Z",
    "updated_at": "2026-06-26T13:50:37.877Z",
    "is_active": true,
    "name": "orenge",
    "code": "ORENGE",
    "location": "sfdf",
    "latitude": null,
    "longitude": null,
    "total_area": "423.00",
    "geofence": [],
    "manager": null,
    "established_date": "2026-06-26",
    "soil_type": "24523",
    "climate_zone": "432",
    "irrigation_type": "234",
    "notes": "no"
  }
},
{
  "model": "farms.farm",
  "pk": "8904bc5f-155e-4586-8eb2-80b8604689c3",
  "fields": {
    "created_at": "2026-06-26T14:08:07.106Z",
    "updated_at": "2026-06-26T14:08:07.106Z",
    "is_active": true,
    "name": "sss",
    "code": "SSS",
    "location": "surat",
    "latitude": "12.222200",
    "longitude": "23.333300",
    "total_area": "670.00",
    "geofence": [],
    "manager": null,
    "established_date": "2026-06-26",
    "soil_type": "",
    "climate_zone": "",
    "irrigation_type": "",
    "notes": "ghfg"
  }
},
{
  "model": "farms.farm",
  "pk": "c1abee3a-865e-4d4c-837a-44eb4d4f552a",
  "fields": {
    "created_at": "2026-06-18T10:37:45.093Z",
    "updated_at": "2026-06-18T10:37:45.093Z",
    "is_active": true,
    "name": "Green Valley Estate",
    "code": "GREEN-01",
    "location": "Nashik, Maharashtra",
    "latitude": "19.997500",
    "longitude": "73.789800",
    "total_area": "120.50",
    "geofence": [],
    "manager": "613628b5-9ae8-4768-8a3b-05601cf5d738",
    "established_date": null,
    "soil_type": "",
    "climate_zone": "",
    "irrigation_type": "",
    "notes": ""
  }
},
{
  "model": "farms.farm",
  "pk": "d9794d6b-9d7c-411e-95d9-2e4470f4b878",
  "fields": {
    "created_at": "2026-06-25T13:37:14.117Z",
    "updated_at": "2026-06-25T13:37:14.117Z",
    "is_active": true,
    "name": "black",
    "code": "BLACK",
    "location": "here",
    "latitude": null,
    "longitude": null,
    "total_area": "232.00",
    "geofence": [],
    "manager": null,
    "established_date": "2026-06-24",
    "soil_type": "no",
    "climate_zone": "no",
    "irrigation_type": "no",
    "notes": "no"
  }
},
{
  "model": "farms.farm",
  "pk": "dbad3c0a-3459-413b-b5b1-61278757856c",
  "fields": {
    "created_at": "2026-06-26T14:09:10.979Z",
    "updated_at": "2026-06-26T14:09:10.979Z",
    "is_active": true,
    "name": "xyz",
    "code": "XYZ",
    "location": "surat",
    "latitude": "23.001200",
    "longitude": "72.723900",
    "total_area": "710.00",
    "geofence": [],
    "manager": null,
    "established_date": "2026-06-26",
    "soil_type": "",
    "climate_zone": "",
    "irrigation_type": "",
    "notes": ""
  }
},
{
  "model": "farms.field",
  "pk": "4ffd4792-8547-47dd-9329-a80db04e7dd6",
  "fields": {
    "created_at": "2026-06-25T13:34:49.693Z",
    "updated_at": "2026-06-25T13:34:49.693Z",
    "farm": "c1abee3a-865e-4d4c-837a-44eb4d4f552a",
    "name": "plot 23",
    "code": "",
    "block_name": "4",
    "field_type": "PLOT",
    "area": "29.00",
    "soil_type": "no",
    "soil_ph": null,
    "slope": "",
    "irrigation_source": "",
    "geofence": [],
    "notes": "",
    "is_active": true
  }
},
{
  "model": "farms.field",
  "pk": "857785c3-fe29-457d-9623-f804c1aae930",
  "fields": {
    "created_at": "2026-06-20T18:39:08.996Z",
    "updated_at": "2026-06-21T12:39:06.563Z",
    "farm": "1359a817-9ea7-4c67-9355-af8eb5ef462f",
    "name": "plote",
    "code": "fmkdvdkv",
    "block_name": "",
    "field_type": "PLOT",
    "area": "3.00",
    "soil_type": "3",
    "soil_ph": null,
    "slope": "",
    "irrigation_source": "",
    "geofence": [],
    "notes": "",
    "is_active": true
  }
},
{
  "model": "farms.field",
  "pk": "b17fe67e-4a7c-49e7-bad3-eca1a67b5df4",
  "fields": {
    "created_at": "2026-06-18T10:37:45.118Z",
    "updated_at": "2026-06-21T12:38:57.870Z",
    "farm": "c1abee3a-865e-4d4c-837a-44eb4d4f552a",
    "name": "plote",
    "code": "A1",
    "block_name": "",
    "field_type": "PLOT",
    "area": "20.00",
    "soil_type": "Loamy",
    "soil_ph": null,
    "slope": "",
    "irrigation_source": "",
    "geofence": [],
    "notes": "",
    "is_active": true
  }
},
{
  "model": "farms.field",
  "pk": "bda090bb-52bb-4227-81df-6920d62caa16",
  "fields": {
    "created_at": "2026-06-21T12:46:07.824Z",
    "updated_at": "2026-06-21T12:46:07.824Z",
    "farm": "c1abee3a-865e-4d4c-837a-44eb4d4f552a",
    "name": "plot 1",
    "code": "",
    "block_name": "block 1",
    "field_type": "PLOT",
    "area": "110000.00",
    "soil_type": "hf",
    "soil_ph": null,
    "slope": "",
    "irrigation_source": "",
    "geofence": [],
    "notes": "",
    "is_active": true
  }
},
{
  "model": "farms.field",
  "pk": "de2e7bc2-39a4-40b5-a4e7-4cec20e84e20",
  "fields": {
    "created_at": "2026-06-23T11:20:34.626Z",
    "updated_at": "2026-06-23T11:20:34.627Z",
    "farm": "c1abee3a-865e-4d4c-837a-44eb4d4f552a",
    "name": "Block A",
    "code": "A1",
    "block_name": "",
    "field_type": "PLOT",
    "area": "20.00",
    "soil_type": "Loamy",
    "soil_ph": null,
    "slope": "",
    "irrigation_source": "",
    "geofence": [],
    "notes": "",
    "is_active": true
  }
},
{
  "model": "workforce.employee",
  "pk": "07a51996-bcfd-45d6-8dfe-c1f6d87e51f8",
  "fields": {
    "created_at": "2026-06-26T13:52:14.193Z",
    "updated_at": "2026-06-26T13:52:14.193Z",
    "user": "e6fe970a-89fa-4bee-bde0-d3a7a27b2786",
    "employee_code": "EMP-DPS",
    "first_name": "ds",
    "last_name": "ps",
    "category": "LABOUR",
    "employment_type": "DAILY_WAGE",
    "designation": "",
    "farm": "c1abee3a-865e-4d4c-837a-44eb4d4f552a",
    "phone": "",
    "address": "",
    "photo": "",
    "is_active": true,
    "date_of_joining": "2026-06-26",
    "daily_wage": "0.00",
    "monthly_salary": "0.00",
    "bank_account": "",
    "bank_ifsc": "",
    "department": null,
    "skills": []
  }
},
{
  "model": "workforce.employee",
  "pk": "14d176e7-375b-42ce-8cf5-9b2bc0e049ef",
  "fields": {
    "created_at": "2026-06-23T11:48:03.482Z",
    "updated_at": "2026-06-23T11:49:07.154Z",
    "user": "83013cca-fca0-4300-86c0-a447c810d1f6",
    "employee_code": "EMP-RAMESH",
    "first_name": "hlo",
    "last_name": "hii",
    "category": "LABOUR",
    "employment_type": "DAILY_WAGE",
    "designation": "wdwd",
    "farm": "c1abee3a-865e-4d4c-837a-44eb4d4f552a",
    "phone": "",
    "address": "",
    "photo": "",
    "is_active": true,
    "date_of_joining": "2026-06-23",
    "daily_wage": "32.00",
    "monthly_salary": "4322.00",
    "bank_account": "",
    "bank_ifsc": "",
    "department": "49417e16-c4f2-4351-a81f-8f8b200a65c0",
    "skills": []
  }
},
{
  "model": "workforce.employee",
  "pk": "222ddc25-d419-4264-98e1-4ca8105d7387",
  "fields": {
    "created_at": "2026-06-26T09:40:20.626Z",
    "updated_at": "2026-06-26T09:40:20.626Z",
    "user": "ef56c7a6-b735-42ca-8b84-25f327f9a8d6",
    "employee_code": "EMP-RISINGYETI",
    "first_name": "rising",
    "last_name": "yeti",
    "category": "LABOUR",
    "employment_type": "DAILY_WAGE",
    "designation": "",
    "farm": "c1abee3a-865e-4d4c-837a-44eb4d4f552a",
    "phone": "+91 74879 37443",
    "address": "",
    "photo": "",
    "is_active": true,
    "date_of_joining": "2026-06-26",
    "daily_wage": "0.00",
    "monthly_salary": "0.00",
    "bank_account": "",
    "bank_ifsc": "",
    "department": null,
    "skills": []
  }
},
{
  "model": "workforce.employee",
  "pk": "2a75ac44-0af0-41ee-a39b-9eb465d4d806",
  "fields": {
    "created_at": "2026-06-23T14:23:47.546Z",
    "updated_at": "2026-06-24T07:25:11.188Z",
    "user": null,
    "employee_code": "EMP-001",
    "first_name": "Ramesh",
    "last_name": "Patil",
    "category": "LABOUR",
    "employment_type": "DAILY_WAGE",
    "designation": "",
    "farm": "c1abee3a-865e-4d4c-837a-44eb4d4f552a",
    "phone": "9999999999",
    "address": "",
    "photo": "",
    "is_active": true,
    "date_of_joining": "2024-01-15",
    "daily_wage": "450.00",
    "monthly_salary": "0.00",
    "bank_account": "",
    "bank_ifsc": "",
    "department": "49417e16-c4f2-4351-a81f-8f8b200a65c0",
    "skills": [
      "7782d114-2a88-4759-a1d3-ae803759fd59"
    ]
  }
},
{
  "model": "workforce.employee",
  "pk": "2de0c5c7-54cd-4d0d-9cc5-9e83e14e6ca2",
  "fields": {
    "created_at": "2026-06-21T10:09:01.090Z",
    "updated_at": "2026-06-23T17:34:24.030Z",
    "user": "1329de96-5fdf-4ac8-af0b-1bd7ee568598",
    "employee_code": "EMP-WORKER",
    "first_name": "Worker",
    "last_name": "User",
    "category": "LABOUR",
    "employment_type": "DAILY_WAGE",
    "designation": "",
    "farm": "c1abee3a-865e-4d4c-837a-44eb4d4f552a",
    "phone": "9999999995",
    "address": "",
    "photo": "",
    "is_active": true,
    "date_of_joining": "2026-06-21",
    "daily_wage": "0.00",
    "monthly_salary": "0.00",
    "bank_account": "",
    "bank_ifsc": "",
    "department": null,
    "skills": []
  }
},
{
  "model": "workforce.employee",
  "pk": "34cc66c2-98f7-4acd-b13c-88be9f6a578c",
  "fields": {
    "created_at": "2026-06-25T10:13:06.454Z",
    "updated_at": "2026-06-25T10:29:10.057Z",
    "user": "84d21340-4d54-43d3-aa25-a2e23d9b5468",
    "employee_code": "EMP-VV",
    "first_name": "vivek",
    "last_name": "",
    "category": "LABOUR",
    "employment_type": "CONTRACT",
    "designation": "dfdff",
    "farm": "c1abee3a-865e-4d4c-837a-44eb4d4f552a",
    "phone": "",
    "address": "",
    "photo": "",
    "is_active": true,
    "date_of_joining": "2026-06-02",
    "daily_wage": "100.00",
    "monthly_salary": "6000.00",
    "bank_account": "",
    "bank_ifsc": "",
    "department": "daa892fb-28f7-47bd-a728-6c02667e70e1",
    "skills": [
      "7782d114-2a88-4759-a1d3-ae803759fd59"
    ]
  }
},
{
  "model": "workforce.employee",
  "pk": "3bbabcde-ebb5-4f55-8758-85102f12c85d",
  "fields": {
    "created_at": "2026-06-25T05:55:17.324Z",
    "updated_at": "2026-06-25T09:16:03.482Z",
    "user": "754efd9b-9266-4f35-9fb1-bffe73e7590b",
    "employee_code": "EMP-P1P2",
    "first_name": "p1",
    "last_name": "p2",
    "category": "EMPLOYEE",
    "employment_type": "DAILY_WAGE",
    "designation": "12",
    "farm": "1359a817-9ea7-4c67-9355-af8eb5ef462f",
    "phone": "",
    "address": "",
    "photo": "",
    "is_active": true,
    "date_of_joining": "2026-06-16",
    "daily_wage": "100.00",
    "monthly_salary": "30000.00",
    "bank_account": "",
    "bank_ifsc": "",
    "department": "49417e16-c4f2-4351-a81f-8f8b200a65c0",
    "skills": [
      "7782d114-2a88-4759-a1d3-ae803759fd59"
    ]
  }
},
{
  "model": "workforce.employee",
  "pk": "429f93d7-cea3-4a98-b6c4-dacad87a4e8a",
  "fields": {
    "created_at": "2026-06-22T07:39:43.939Z",
    "updated_at": "2026-06-24T07:11:49.086Z",
    "user": "7cd32a57-a60e-4797-87d8-9754de897160",
    "employee_code": "EMP-GG",
    "first_name": "dd",
    "last_name": "ff",
    "category": "LABOUR",
    "employment_type": "DAILY_WAGE",
    "designation": "",
    "farm": "c1abee3a-865e-4d4c-837a-44eb4d4f552a",
    "phone": "",
    "address": "",
    "photo": "",
    "is_active": true,
    "date_of_joining": "2026-06-22",
    "daily_wage": "0.00",
    "monthly_salary": "0.00",
    "bank_account": "",
    "bank_ifsc": "",
    "department": "daa892fb-28f7-47bd-a728-6c02667e70e1",
    "skills": [
      "fecca152-acb2-4818-9008-fadc568ba21e"
    ]
  }
},
{
  "model": "workforce.employee",
  "pk": "5627dcda-f894-4a25-a270-562e78b106f3",
  "fields": {
    "created_at": "2026-06-25T13:38:23.256Z",
    "updated_at": "2026-06-25T13:39:43.127Z",
    "user": "81cba52f-b3bc-4360-a57f-ce80c5ab91a1",
    "employee_code": "EMP-DP",
    "first_name": "d",
    "last_name": "p",
    "category": "LABOUR",
    "employment_type": "PERMANENT",
    "designation": "no",
    "farm": "d9794d6b-9d7c-411e-95d9-2e4470f4b878",
    "phone": "",
    "address": "",
    "photo": "",
    "is_active": true,
    "date_of_joining": "2026-06-25",
    "daily_wage": "12.00",
    "monthly_salary": "10000.00",
    "bank_account": "",
    "bank_ifsc": "",
    "department": "49417e16-c4f2-4351-a81f-8f8b200a65c0",
    "skills": [
      "7782d114-2a88-4759-a1d3-ae803759fd59",
      "fecca152-acb2-4818-9008-fadc568ba21e"
    ]
  }
},
{
  "model": "workforce.employee",
  "pk": "71a0ce91-febd-4dca-bcf2-5663647c1186",
  "fields": {
    "created_at": "2026-06-22T07:32:54.208Z",
    "updated_at": "2026-06-22T07:32:54.208Z",
    "user": "b1e91215-8b87-41cb-b0d6-f80ff430f912",
    "employee_code": "EMP-SAHILSARMA",
    "first_name": "ds",
    "last_name": "ff",
    "category": "LABOUR",
    "employment_type": "DAILY_WAGE",
    "designation": "",
    "farm": "c1abee3a-865e-4d4c-837a-44eb4d4f552a",
    "phone": "",
    "address": "",
    "photo": "",
    "is_active": true,
    "date_of_joining": "2026-06-22",
    "daily_wage": "0.00",
    "monthly_salary": "0.00",
    "bank_account": "",
    "bank_ifsc": "",
    "department": null,
    "skills": []
  }
},
{
  "model": "workforce.employee",
  "pk": "8ae04daf-bb14-4f10-be13-f1c0bc91d788",
  "fields": {
    "created_at": "2026-06-25T06:51:39.252Z",
    "updated_at": "2026-06-26T18:27:25.457Z",
    "user": "7a30e618-f87b-47ee-bb6a-f8b799e912cd",
    "employee_code": "EMP-S1S2",
    "first_name": "s1",
    "last_name": "s2",
    "category": "EMPLOYEE",
    "employment_type": "PERMANENT",
    "designation": "ghj",
    "farm": "61f13c11-d266-47d0-a4da-85b32c4ced3d",
    "phone": "",
    "address": "",
    "photo": "",
    "is_active": true,
    "date_of_joining": "2026-06-25",
    "daily_wage": "1000.00",
    "monthly_salary": "300000.00",
    "bank_account": "",
    "bank_ifsc": "",
    "department": "49417e16-c4f2-4351-a81f-8f8b200a65c0",
    "skills": [
      "fecca152-acb2-4818-9008-fadc568ba21e"
    ]
  }
},
{
  "model": "workforce.employee",
  "pk": "9253dfa8-7f92-42ed-a52e-c4b7bc8cc6cb",
  "fields": {
    "created_at": "2026-06-22T14:26:36.653Z",
    "updated_at": "2026-06-26T19:02:03.287Z",
    "user": "dffb0e83-06f3-405b-9b6e-0e44e6b6a529",
    "employee_code": "EMP-KLO",
    "first_name": "klo",
    "last_name": "klo",
    "category": "LABOUR",
    "employment_type": "PERMANENT",
    "designation": "mn,",
    "farm": "1359a817-9ea7-4c67-9355-af8eb5ef462f",
    "phone": "",
    "address": "",
    "photo": "",
    "is_active": true,
    "date_of_joining": "2026-06-22",
    "daily_wage": "200.00",
    "monthly_salary": "20000.00",
    "bank_account": "",
    "bank_ifsc": "",
    "department": "49417e16-c4f2-4351-a81f-8f8b200a65c0",
    "skills": [
      "7782d114-2a88-4759-a1d3-ae803759fd59",
      "fecca152-acb2-4818-9008-fadc568ba21e"
    ]
  }
},
{
  "model": "workforce.employee",
  "pk": "98c3f253-6511-40e5-b1a8-fdcc52b875aa",
  "fields": {
    "created_at": "2026-06-21T16:59:13.105Z",
    "updated_at": "2026-06-26T11:52:30.230Z",
    "user": "613628b5-9ae8-4768-8a3b-05601cf5d738",
    "employee_code": "EMP-MANAGER",
    "first_name": "Pranav",
    "last_name": "Nayee",
    "category": "LABOUR",
    "employment_type": "PERMANENT",
    "designation": "ddf",
    "farm": "c1abee3a-865e-4d4c-837a-44eb4d4f552a",
    "phone": "",
    "address": "",
    "photo": "",
    "is_active": true,
    "date_of_joining": "2026-06-21",
    "daily_wage": "169.00",
    "monthly_salary": "20000.00",
    "bank_account": "",
    "bank_ifsc": "",
    "department": "daa892fb-28f7-47bd-a728-6c02667e70e1",
    "skills": [
      "7782d114-2a88-4759-a1d3-ae803759fd59"
    ]
  }
},
{
  "model": "workforce.employee",
  "pk": "9e00b64b-d175-429f-b9ce-855acdbf9d2c",
  "fields": {
    "created_at": "2026-06-21T17:03:57.878Z",
    "updated_at": "2026-06-25T07:14:28.066Z",
    "user": "540b373b-dbd6-4afe-bc5c-6e95d9811a3b",
    "employee_code": "EMP-KK",
    "first_name": "kk",
    "last_name": "kk",
    "category": "LABOUR",
    "employment_type": "DAILY_WAGE",
    "designation": "",
    "farm": "1359a817-9ea7-4c67-9355-af8eb5ef462f",
    "phone": "",
    "address": "",
    "photo": "",
    "is_active": true,
    "date_of_joining": "2026-06-21",
    "daily_wage": "0.00",
    "monthly_salary": "50000.00",
    "bank_account": "",
    "bank_ifsc": "",
    "department": "daa892fb-28f7-47bd-a728-6c02667e70e1",
    "skills": []
  }
},
{
  "model": "workforce.employee",
  "pk": "9f231acb-85e3-4f67-ab5f-630f527d9b0c",
  "fields": {
    "created_at": "2026-06-25T11:14:03.162Z",
    "updated_at": "2026-06-25T11:14:03.162Z",
    "user": "765040af-a147-4990-b863-40ab125fb2a3",
    "employee_code": "EMP-KL",
    "first_name": "rahul",
    "last_name": "",
    "category": "LABOUR",
    "employment_type": "DAILY_WAGE",
    "designation": "",
    "farm": "c1abee3a-865e-4d4c-837a-44eb4d4f552a",
    "phone": "",
    "address": "",
    "photo": "",
    "is_active": true,
    "date_of_joining": "2026-06-25",
    "daily_wage": "0.00",
    "monthly_salary": "0.00",
    "bank_account": "",
    "bank_ifsc": "",
    "department": null,
    "skills": []
  }
},
{
  "model": "workforce.employee",
  "pk": "a69f7b98-f428-4227-b31b-bb3baaad80b9",
  "fields": {
    "created_at": "2026-06-26T14:26:21.899Z",
    "updated_at": "2026-06-26T19:22:57.239Z",
    "user": "98593bc4-6fbb-44eb-b051-f6d6b8f6d185",
    "employee_code": "EMP-SDDS",
    "first_name": "sda",
    "last_name": "asd",
    "category": "LABOUR",
    "employment_type": "PERMANENT",
    "designation": "",
    "farm": "61f13c11-d266-47d0-a4da-85b32c4ced3d",
    "phone": "",
    "address": "",
    "photo": "",
    "is_active": true,
    "date_of_joining": "2026-06-26",
    "daily_wage": "0.00",
    "monthly_salary": "10000.00",
    "bank_account": "",
    "bank_ifsc": "",
    "department": null,
    "skills": []
  }
},
{
  "model": "workforce.employee",
  "pk": "b012d422-94c2-4182-88d5-5d3bcf538379",
  "fields": {
    "created_at": "2026-06-22T07:36:50.582Z",
    "updated_at": "2026-06-26T11:52:47.914Z",
    "user": "814ac1e2-6159-4e8a-a30a-eed4c8f266d4",
    "employee_code": "EMP-AK",
    "first_name": "aashish",
    "last_name": "User",
    "category": "LABOUR",
    "employment_type": "DAILY_WAGE",
    "designation": "fgfgf",
    "farm": "1359a817-9ea7-4c67-9355-af8eb5ef462f",
    "phone": "",
    "address": "",
    "photo": "",
    "is_active": false,
    "date_of_joining": "2026-06-22",
    "daily_wage": "112.00",
    "monthly_salary": "1200.00",
    "bank_account": "",
    "bank_ifsc": "",
    "department": "daa892fb-28f7-47bd-a728-6c02667e70e1",
    "skills": []
  }
},
{
  "model": "workforce.employee",
  "pk": "b1170d56-aeed-472e-8b5d-609cd4f17b5e",
  "fields": {
    "created_at": "2026-06-25T08:12:32.448Z",
    "updated_at": "2026-06-25T08:12:32.448Z",
    "user": "bbbd9c3e-e418-413b-9f86-5660f2e8c307",
    "employee_code": "EMP-U",
    "first_name": "u",
    "last_name": "u",
    "category": "LABOUR",
    "employment_type": "DAILY_WAGE",
    "designation": "",
    "farm": "c1abee3a-865e-4d4c-837a-44eb4d4f552a",
    "phone": "",
    "address": "",
    "photo": "",
    "is_active": true,
    "date_of_joining": "2026-06-25",
    "daily_wage": "0.00",
    "monthly_salary": "0.00",
    "bank_account": "",
    "bank_ifsc": "",
    "department": null,
    "skills": []
  }
},
{
  "model": "workforce.employee",
  "pk": "e0ce7859-4926-4a92-98b7-c7b57c3ff13b",
  "fields": {
    "created_at": "2026-06-25T07:29:52.997Z",
    "updated_at": "2026-06-26T18:38:46.186Z",
    "user": "1b3975f7-08b1-4003-b425-ad21d1835be3",
    "employee_code": "EMP-NJ",
    "first_name": "nj",
    "last_name": "nj",
    "category": "LABOUR",
    "employment_type": "PERMANENT",
    "designation": "",
    "farm": "1359a817-9ea7-4c67-9355-af8eb5ef462f",
    "phone": "",
    "address": "",
    "photo": "",
    "is_active": true,
    "date_of_joining": "2026-06-25",
    "daily_wage": "333.00",
    "monthly_salary": "10000.00",
    "bank_account": "",
    "bank_ifsc": "",
    "department": null,
    "skills": []
  }
},
{
  "model": "workforce.employee",
  "pk": "e68e46d6-8c43-4dcc-9262-0ab9a01dfc0b",
  "fields": {
    "created_at": "2026-06-26T21:31:09.537Z",
    "updated_at": "2026-06-26T21:31:09.537Z",
    "user": "f1f2c199-e8f0-4512-9dca-72db650b8a59",
    "employee_code": "EMP-PKS",
    "first_name": "pk",
    "last_name": "s",
    "category": "LABOUR",
    "employment_type": "DAILY_WAGE",
    "designation": "",
    "farm": "c1abee3a-865e-4d4c-837a-44eb4d4f552a",
    "phone": "",
    "address": "",
    "photo": "",
    "is_active": true,
    "date_of_joining": "2026-06-26",
    "daily_wage": "0.00",
    "monthly_salary": "0.00",
    "bank_account": "",
    "bank_ifsc": "",
    "department": null,
    "skills": []
  }
},
{
  "model": "workforce.shift",
  "pk": "70871705-5177-4b98-b7dd-8a666d0ad31b",
  "fields": {
    "created_at": "2026-06-19T07:49:06.560Z",
    "updated_at": "2026-06-19T07:49:06.560Z",
    "is_active": true,
    "name": "vivek",
    "farm": "c1abee3a-865e-4d4c-837a-44eb4d4f552a",
    "start_time": "13:20:00",
    "end_time": "13:55:00"
  }
},
{
  "model": "workforce.shift",
  "pk": "c67fc559-b19e-4ff7-88a5-f2b503fcd0fe",
  "fields": {
    "created_at": "2026-06-19T13:01:56.483Z",
    "updated_at": "2026-06-19T13:01:56.483Z",
    "is_active": true,
    "name": "farm",
    "farm": "c1abee3a-865e-4d4c-837a-44eb4d4f552a",
    "start_time": "18:31:00",
    "end_time": "20:31:00"
  }
},
{
  "model": "workforce.workforceallocation",
  "pk": "bff40620-79c8-4984-a4fa-72f5c682ca04",
  "fields": {
    "created_at": "2026-06-24T07:17:39.428Z",
    "updated_at": "2026-06-24T07:17:39.428Z",
    "is_active": true,
    "created_by": null,
    "employee": "b012d422-94c2-4182-88d5-5d3bcf538379",
    "farm": "c1abee3a-865e-4d4c-837a-44eb4d4f552a",
    "field": "bda090bb-52bb-4227-81df-6920d62caa16",
    "shift": null,
    "date": "2026-06-26",
    "work_description": "here"
  }
},
{
  "model": "workforce.workforceallocation",
  "pk": "dcef3884-bafe-423f-8124-dda6535e2687",
  "fields": {
    "created_at": "2026-06-26T18:46:54.891Z",
    "updated_at": "2026-06-26T18:46:54.891Z",
    "is_active": true,
    "created_by": "ef56c7a6-b735-42ca-8b84-25f327f9a8d6",
    "employee": "b012d422-94c2-4182-88d5-5d3bcf538379",
    "farm": "1359a817-9ea7-4c67-9355-af8eb5ef462f",
    "field": "de2e7bc2-39a4-40b5-a4e7-4cec20e84e20",
    "shift": null,
    "date": "2026-06-20",
    "work_description": ""
  }
},
{
  "model": "workforce.attendance",
  "pk": "18e4ab4b-c5df-4260-8061-a35bd487c215",
  "fields": {
    "created_at": "2026-06-26T09:40:20.631Z",
    "updated_at": "2026-06-26T09:46:38.557Z",
    "is_active": true,
    "created_by": null,
    "employee": "222ddc25-d419-4264-98e1-4ca8105d7387",
    "farm": "c1abee3a-865e-4d4c-837a-44eb4d4f552a",
    "date": "2026-06-26",
    "check_in_time": "2026-06-26T09:46:38.557Z",
    "check_out_time": null,
    "check_in_lat": null,
    "check_in_lng": null,
    "check_out_lat": null,
    "check_out_lng": null,
    "check_in_photo": "",
    "check_out_photo": "",
    "status": "PRESENT",
    "approval_status": "APPROVED",
    "approved_by": null,
    "overtime_hours": "0.00",
    "remarks": ""
  }
},
{
  "model": "workforce.attendance",
  "pk": "1cd4b808-a8f6-4f60-ad30-30dfa6383921",
  "fields": {
    "created_at": "2026-06-25T08:12:32.499Z",
    "updated_at": "2026-06-25T08:12:32.499Z",
    "is_active": true,
    "created_by": null,
    "employee": "b1170d56-aeed-472e-8b5d-609cd4f17b5e",
    "farm": "c1abee3a-865e-4d4c-837a-44eb4d4f552a",
    "date": "2026-06-25",
    "check_in_time": null,
    "check_out_time": null,
    "check_in_lat": null,
    "check_in_lng": null,
    "check_out_lat": null,
    "check_out_lng": null,
    "check_in_photo": "",
    "check_out_photo": "",
    "status": "PRESENT",
    "approval_status": "APPROVED",
    "approved_by": null,
    "overtime_hours": "0.00",
    "remarks": ""
  }
},
{
  "model": "workforce.attendance",
  "pk": "28816fc2-e1ee-4da6-8735-8a16ca0cb4df",
  "fields": {
    "created_at": "2026-06-23T14:23:47.551Z",
    "updated_at": "2026-06-23T14:23:47.551Z",
    "is_active": true,
    "created_by": null,
    "employee": "2a75ac44-0af0-41ee-a39b-9eb465d4d806",
    "farm": "c1abee3a-865e-4d4c-837a-44eb4d4f552a",
    "date": "2024-01-15",
    "check_in_time": null,
    "check_out_time": null,
    "check_in_lat": null,
    "check_in_lng": null,
    "check_out_lat": null,
    "check_out_lng": null,
    "check_in_photo": "",
    "check_out_photo": "",
    "status": "PRESENT",
    "approval_status": "APPROVED",
    "approved_by": null,
    "overtime_hours": "0.00",
    "remarks": ""
  }
},
{
  "model": "workforce.attendance",
  "pk": "36661433-80a5-4263-b46a-620b726d826b",
  "fields": {
    "created_at": "2026-06-24T07:21:14.419Z",
    "updated_at": "2026-06-24T12:43:41.758Z",
    "is_active": true,
    "created_by": "83013cca-fca0-4300-86c0-a447c810d1f6",
    "employee": "14d176e7-375b-42ce-8cf5-9b2bc0e049ef",
    "farm": "c1abee3a-865e-4d4c-837a-44eb4d4f552a",
    "date": "2026-06-24",
    "check_in_time": "2026-06-24T12:42:46.174Z",
    "check_out_time": "2026-06-24T12:43:41.752Z",
    "check_in_lat": "23.114197",
    "check_in_lng": "72.540485",
    "check_out_lat": "23.114176",
    "check_out_lng": "72.540462",
    "check_in_photo": "attendance/Screenshot_13.png",
    "check_out_photo": "attendance/Screenshot_12_S4HBvxF.png",
    "status": "PRESENT",
    "approval_status": "PENDING",
    "approved_by": null,
    "overtime_hours": "0.00",
    "remarks": ""
  }
},
{
  "model": "workforce.attendance",
  "pk": "37a28d25-c865-45d5-9cf0-950114e8cf84",
  "fields": {
    "created_at": "2026-06-22T07:39:44.184Z",
    "updated_at": "2026-06-22T11:50:18.134Z",
    "is_active": true,
    "created_by": null,
    "employee": "429f93d7-cea3-4a98-b6c4-dacad87a4e8a",
    "farm": "c1abee3a-865e-4d4c-837a-44eb4d4f552a",
    "date": "2026-06-22",
    "check_in_time": "2026-06-22T11:50:18.134Z",
    "check_out_time": null,
    "check_in_lat": "23.114214",
    "check_in_lng": "72.540504",
    "check_out_lat": null,
    "check_out_lng": null,
    "check_in_photo": "",
    "check_out_photo": "",
    "status": "PRESENT",
    "approval_status": "APPROVED",
    "approved_by": null,
    "overtime_hours": "0.00",
    "remarks": ""
  }
},
{
  "model": "workforce.attendance",
  "pk": "4800406f-6d9a-4941-b9cc-be48e60c1eb3",
  "fields": {
    "created_at": "2026-06-25T06:51:39.266Z",
    "updated_at": "2026-06-25T09:40:48.579Z",
    "is_active": true,
    "created_by": null,
    "employee": "8ae04daf-bb14-4f10-be13-f1c0bc91d788",
    "farm": "c1abee3a-865e-4d4c-837a-44eb4d4f552a",
    "date": "2026-06-25",
    "check_in_time": "2026-06-25T09:40:48.579Z",
    "check_out_time": null,
    "check_in_lat": "23.114213",
    "check_in_lng": "72.540497",
    "check_out_lat": null,
    "check_out_lng": null,
    "check_in_photo": "attendance/IMG-20240614-WA0015.jpg",
    "check_out_photo": "",
    "status": "PRESENT",
    "approval_status": "APPROVED",
    "approved_by": null,
    "overtime_hours": "0.00",
    "remarks": ""
  }
},
{
  "model": "workforce.attendance",
  "pk": "4c5b6b9e-eb1f-4f12-97db-d778302f75af",
  "fields": {
    "created_at": "2026-06-26T13:52:14.260Z",
    "updated_at": "2026-06-26T13:52:14.260Z",
    "is_active": true,
    "created_by": null,
    "employee": "07a51996-bcfd-45d6-8dfe-c1f6d87e51f8",
    "farm": "c1abee3a-865e-4d4c-837a-44eb4d4f552a",
    "date": "2026-06-26",
    "check_in_time": null,
    "check_out_time": null,
    "check_in_lat": null,
    "check_in_lng": null,
    "check_out_lat": null,
    "check_out_lng": null,
    "check_in_photo": "",
    "check_out_photo": "",
    "status": "PRESENT",
    "approval_status": "APPROVED",
    "approved_by": null,
    "overtime_hours": "0.00",
    "remarks": ""
  }
},
{
  "model": "workforce.attendance",
  "pk": "542b85f7-9704-471b-a5e6-6c3f1b54cfec",
  "fields": {
    "created_at": "2026-06-22T14:26:36.697Z",
    "updated_at": "2026-06-22T14:26:36.697Z",
    "is_active": true,
    "created_by": null,
    "employee": "9253dfa8-7f92-42ed-a52e-c4b7bc8cc6cb",
    "farm": "c1abee3a-865e-4d4c-837a-44eb4d4f552a",
    "date": "2026-06-22",
    "check_in_time": null,
    "check_out_time": null,
    "check_in_lat": null,
    "check_in_lng": null,
    "check_out_lat": null,
    "check_out_lng": null,
    "check_in_photo": "",
    "check_out_photo": "",
    "status": "PRESENT",
    "approval_status": "APPROVED",
    "approved_by": null,
    "overtime_hours": "0.00",
    "remarks": ""
  }
},
{
  "model": "workforce.attendance",
  "pk": "554ea283-81a9-4cd3-bde9-628d289688ab",
  "fields": {
    "created_at": "2026-06-25T07:29:53.034Z",
    "updated_at": "2026-06-25T07:29:53.034Z",
    "is_active": true,
    "created_by": null,
    "employee": "e0ce7859-4926-4a92-98b7-c7b57c3ff13b",
    "farm": "c1abee3a-865e-4d4c-837a-44eb4d4f552a",
    "date": "2026-06-25",
    "check_in_time": null,
    "check_out_time": null,
    "check_in_lat": null,
    "check_in_lng": null,
    "check_out_lat": null,
    "check_out_lng": null,
    "check_in_photo": "",
    "check_out_photo": "",
    "status": "PRESENT",
    "approval_status": "APPROVED",
    "approved_by": null,
    "overtime_hours": "0.00",
    "remarks": ""
  }
},
{
  "model": "workforce.attendance",
  "pk": "5fbc7e10-0694-4751-877e-549a860cf5ab",
  "fields": {
    "created_at": "2026-06-25T10:13:06.468Z",
    "updated_at": "2026-06-25T10:13:06.468Z",
    "is_active": true,
    "created_by": null,
    "employee": "34cc66c2-98f7-4acd-b13c-88be9f6a578c",
    "farm": "c1abee3a-865e-4d4c-837a-44eb4d4f552a",
    "date": "2026-06-25",
    "check_in_time": null,
    "check_out_time": null,
    "check_in_lat": null,
    "check_in_lng": null,
    "check_out_lat": null,
    "check_out_lng": null,
    "check_in_photo": "",
    "check_out_photo": "",
    "status": "PRESENT",
    "approval_status": "APPROVED",
    "approved_by": null,
    "overtime_hours": "0.00",
    "remarks": ""
  }
},
{
  "model": "workforce.attendance",
  "pk": "7cbbd2bb-d39a-466b-a786-b1739cdfc83f",
  "fields": {
    "created_at": "2026-06-22T11:50:17.587Z",
    "updated_at": "2026-06-22T11:50:17.707Z",
    "is_active": true,
    "created_by": null,
    "employee": "9e00b64b-d175-429f-b9ce-855acdbf9d2c",
    "farm": "c1abee3a-865e-4d4c-837a-44eb4d4f552a",
    "date": "2026-06-22",
    "check_in_time": "2026-06-22T11:50:17.707Z",
    "check_out_time": null,
    "check_in_lat": "23.114214",
    "check_in_lng": "72.540504",
    "check_out_lat": null,
    "check_out_lng": null,
    "check_in_photo": "",
    "check_out_photo": "",
    "status": "PRESENT",
    "approval_status": "PENDING",
    "approved_by": null,
    "overtime_hours": "0.00",
    "remarks": ""
  }
},
{
  "model": "workforce.attendance",
  "pk": "8d9cd0a4-8462-469e-ba47-5b74aefacad7",
  "fields": {
    "created_at": "2026-06-25T05:55:17.338Z",
    "updated_at": "2026-06-25T09:38:16.689Z",
    "is_active": true,
    "created_by": null,
    "employee": "3bbabcde-ebb5-4f55-8758-85102f12c85d",
    "farm": "c1abee3a-865e-4d4c-837a-44eb4d4f552a",
    "date": "2026-06-25",
    "check_in_time": "2026-06-25T09:36:57.906Z",
    "check_out_time": "2026-06-25T09:38:16.688Z",
    "check_in_lat": "23.114183",
    "check_in_lng": "72.540475",
    "check_out_lat": "23.114190",
    "check_out_lng": "72.540486",
    "check_in_photo": "attendance/jitus_immigration.png",
    "check_out_photo": "attendance/WIN_20231115_00_23_05_Pro.jpg",
    "status": "PRESENT",
    "approval_status": "APPROVED",
    "approved_by": null,
    "overtime_hours": "0.00",
    "remarks": ""
  }
},
{
  "model": "workforce.attendance",
  "pk": "91c87a0e-d51c-4665-a831-bb549d929500",
  "fields": {
    "created_at": "2026-06-23T17:41:26.615Z",
    "updated_at": "2026-06-23T17:41:26.628Z",
    "is_active": true,
    "created_by": null,
    "employee": "9e00b64b-d175-429f-b9ce-855acdbf9d2c",
    "farm": "c1abee3a-865e-4d4c-837a-44eb4d4f552a",
    "date": "2026-06-23",
    "check_in_time": "2026-06-23T17:41:26.627Z",
    "check_out_time": null,
    "check_in_lat": "23.072908",
    "check_in_lng": "72.559540",
    "check_out_lat": null,
    "check_out_lng": null,
    "check_in_photo": "",
    "check_out_photo": "",
    "status": "PRESENT",
    "approval_status": "PENDING",
    "approved_by": null,
    "overtime_hours": "0.00",
    "remarks": ""
  }
},
{
  "model": "workforce.attendance",
  "pk": "92c5a7cc-de36-4c61-856a-3e5bba8cb2f2",
  "fields": {
    "created_at": "2026-06-24T10:00:08.151Z",
    "updated_at": "2026-06-24T10:24:32.638Z",
    "is_active": true,
    "created_by": "814ac1e2-6159-4e8a-a30a-eed4c8f266d4",
    "employee": "b012d422-94c2-4182-88d5-5d3bcf538379",
    "farm": "c1abee3a-865e-4d4c-837a-44eb4d4f552a",
    "date": "2026-06-24",
    "check_in_time": "2026-06-24T10:19:44.056Z",
    "check_out_time": "2026-06-24T10:24:32.608Z",
    "check_in_lat": "23.114206",
    "check_in_lng": "72.540495",
    "check_out_lat": "23.114184",
    "check_out_lng": "72.540476",
    "check_in_photo": "attendance/20231212_183603.jpg",
    "check_out_photo": "attendance/20231003_124046.jpg",
    "status": "PRESENT",
    "approval_status": "PENDING",
    "approved_by": null,
    "overtime_hours": "0.00",
    "remarks": ""
  }
},
{
  "model": "workforce.attendance",
  "pk": "97875e5c-b6a5-44ac-abd3-8eb4944892d7",
  "fields": {
    "created_at": "2026-06-24T14:02:05.516Z",
    "updated_at": "2026-06-24T14:05:03.279Z",
    "is_active": true,
    "created_by": "dffb0e83-06f3-405b-9b6e-0e44e6b6a529",
    "employee": "9253dfa8-7f92-42ed-a52e-c4b7bc8cc6cb",
    "farm": "c1abee3a-865e-4d4c-837a-44eb4d4f552a",
    "date": "2026-06-24",
    "check_in_time": "2026-06-24T14:02:05.562Z",
    "check_out_time": "2026-06-24T14:05:03.274Z",
    "check_in_lat": "23.114189",
    "check_in_lng": "72.540478",
    "check_out_lat": "23.114181",
    "check_out_lng": "72.540462",
    "check_in_photo": "attendance/Screenshot_35.png",
    "check_out_photo": "attendance/Screenshot_14.png",
    "status": "PRESENT",
    "approval_status": "PENDING",
    "approved_by": null,
    "overtime_hours": "0.00",
    "remarks": ""
  }
},
{
  "model": "workforce.attendance",
  "pk": "9ef87836-f2c8-47f9-9376-dd531727ff16",
  "fields": {
    "created_at": "2026-06-22T11:50:16.214Z",
    "updated_at": "2026-06-22T11:50:16.319Z",
    "is_active": true,
    "created_by": null,
    "employee": "98c3f253-6511-40e5-b1a8-fdcc52b875aa",
    "farm": "1359a817-9ea7-4c67-9355-af8eb5ef462f",
    "date": "2026-06-22",
    "check_in_time": "2026-06-22T11:50:16.319Z",
    "check_out_time": null,
    "check_in_lat": "23.114214",
    "check_in_lng": "72.540504",
    "check_out_lat": null,
    "check_out_lng": null,
    "check_in_photo": "",
    "check_out_photo": "",
    "status": "PRESENT",
    "approval_status": "PENDING",
    "approved_by": null,
    "overtime_hours": "0.00",
    "remarks": ""
  }
},
{
  "model": "workforce.attendance",
  "pk": "9f4bf1be-1bd0-4aac-b247-136179a3741f",
  "fields": {
    "created_at": "2026-06-22T07:32:54.340Z",
    "updated_at": "2026-06-22T08:17:26.819Z",
    "is_active": true,
    "created_by": null,
    "employee": "71a0ce91-febd-4dca-bcf2-5663647c1186",
    "farm": "c1abee3a-865e-4d4c-837a-44eb4d4f552a",
    "date": "2026-06-22",
    "check_in_time": "2026-06-22T08:17:26.819Z",
    "check_out_time": null,
    "check_in_lat": "23.114196",
    "check_in_lng": "72.540474",
    "check_out_lat": null,
    "check_out_lng": null,
    "check_in_photo": "attendance/Screenshot_5.png",
    "check_out_photo": "",
    "status": "PRESENT",
    "approval_status": "APPROVED",
    "approved_by": null,
    "overtime_hours": "0.00",
    "remarks": ""
  }
},
{
  "model": "workforce.attendance",
  "pk": "a4f1547f-8991-4324-908b-93e31a4fd343",
  "fields": {
    "created_at": "2026-06-26T14:26:22.324Z",
    "updated_at": "2026-06-26T14:26:22.324Z",
    "is_active": true,
    "created_by": null,
    "employee": "a69f7b98-f428-4227-b31b-bb3baaad80b9",
    "farm": "c1abee3a-865e-4d4c-837a-44eb4d4f552a",
    "date": "2026-06-26",
    "check_in_time": null,
    "check_out_time": null,
    "check_in_lat": null,
    "check_in_lng": null,
    "check_out_lat": null,
    "check_out_lng": null,
    "check_in_photo": "",
    "check_out_photo": "",
    "status": "PRESENT",
    "approval_status": "APPROVED",
    "approved_by": null,
    "overtime_hours": "0.00",
    "remarks": ""
  }
},
{
  "model": "workforce.attendance",
  "pk": "a8162934-f7a2-4551-bb97-b18212a27f4d",
  "fields": {
    "created_at": "2026-06-21T16:59:13.212Z",
    "updated_at": "2026-06-21T16:59:13.212Z",
    "is_active": true,
    "created_by": null,
    "employee": "98c3f253-6511-40e5-b1a8-fdcc52b875aa",
    "farm": "c1abee3a-865e-4d4c-837a-44eb4d4f552a",
    "date": "2026-06-21",
    "check_in_time": null,
    "check_out_time": null,
    "check_in_lat": null,
    "check_in_lng": null,
    "check_out_lat": null,
    "check_out_lng": null,
    "check_in_photo": "",
    "check_out_photo": "",
    "status": "PRESENT",
    "approval_status": "APPROVED",
    "approved_by": null,
    "overtime_hours": "0.00",
    "remarks": ""
  }
},
{
  "model": "workforce.attendance",
  "pk": "b04b43ff-1be2-47b6-be0c-660b2483ac9a",
  "fields": {
    "created_at": "2026-06-25T10:24:14.013Z",
    "updated_at": "2026-06-26T11:59:34.766Z",
    "is_active": true,
    "created_by": null,
    "employee": "71a0ce91-febd-4dca-bcf2-5663647c1186",
    "farm": "c1abee3a-865e-4d4c-837a-44eb4d4f552a",
    "date": "2026-06-25",
    "check_in_time": "2026-06-25T10:24:14.027Z",
    "check_out_time": null,
    "check_in_lat": "23.114206",
    "check_in_lng": "72.540488",
    "check_out_lat": null,
    "check_out_lng": null,
    "check_in_photo": "",
    "check_out_photo": "",
    "status": "PRESENT",
    "approval_status": "APPROVED",
    "approved_by": "ef56c7a6-b735-42ca-8b84-25f327f9a8d6",
    "overtime_hours": "0.00",
    "remarks": ""
  }
},
{
  "model": "workforce.attendance",
  "pk": "b384d3ae-c008-48e1-a4df-74c3a194e972",
  "fields": {
    "created_at": "2026-06-21T10:09:01.090Z",
    "updated_at": "2026-06-21T16:20:27.193Z",
    "is_active": true,
    "created_by": null,
    "employee": "2de0c5c7-54cd-4d0d-9cc5-9e83e14e6ca2",
    "farm": "c1abee3a-865e-4d4c-837a-44eb4d4f552a",
    "date": "2026-06-21",
    "check_in_time": "2026-06-21T16:19:51.260Z",
    "check_out_time": "2026-06-21T16:20:27.193Z",
    "check_in_lat": "23.073010",
    "check_in_lng": "72.559643",
    "check_out_lat": "23.008800",
    "check_out_lng": "72.660100",
    "check_in_photo": "attendance/Screenshot_52.png",
    "check_out_photo": "",
    "status": "PRESENT",
    "approval_status": "APPROVED",
    "approved_by": null,
    "overtime_hours": "0.00",
    "remarks": ""
  }
},
{
  "model": "workforce.attendance",
  "pk": "b61a8a5d-9aea-463c-9d6e-987b8276da3e",
  "fields": {
    "created_at": "2026-06-26T11:58:47.664Z",
    "updated_at": "2026-06-26T18:05:29.736Z",
    "is_active": true,
    "created_by": "7a30e618-f87b-47ee-bb6a-f8b799e912cd",
    "employee": "8ae04daf-bb14-4f10-be13-f1c0bc91d788",
    "farm": "1359a817-9ea7-4c67-9355-af8eb5ef462f",
    "date": "2026-06-26",
    "check_in_time": "2026-06-26T18:05:29.736Z",
    "check_out_time": "2026-06-26T12:25:00.803Z",
    "check_in_lat": "23.072894",
    "check_in_lng": "72.559611",
    "check_out_lat": "23.114262",
    "check_out_lng": "72.540521",
    "check_in_photo": "attendance/eyestation.jpg",
    "check_out_photo": "attendance/133892603375452839_2nX5KfS.jpg",
    "status": "PRESENT",
    "approval_status": "PENDING",
    "approved_by": null,
    "overtime_hours": "0.00",
    "remarks": ""
  }
},
{
  "model": "workforce.attendance",
  "pk": "b9b46414-32b6-4b0d-ac23-daa30d63fae2",
  "fields": {
    "created_at": "2026-06-25T13:38:23.270Z",
    "updated_at": "2026-06-25T13:38:23.270Z",
    "is_active": true,
    "created_by": null,
    "employee": "5627dcda-f894-4a25-a270-562e78b106f3",
    "farm": "c1abee3a-865e-4d4c-837a-44eb4d4f552a",
    "date": "2026-06-25",
    "check_in_time": null,
    "check_out_time": null,
    "check_in_lat": null,
    "check_in_lng": null,
    "check_out_lat": null,
    "check_out_lng": null,
    "check_in_photo": "",
    "check_out_photo": "",
    "status": "PRESENT",
    "approval_status": "APPROVED",
    "approved_by": null,
    "overtime_hours": "0.00",
    "remarks": ""
  }
},
{
  "model": "workforce.attendance",
  "pk": "c8ece0b5-b616-48ca-8123-a261cea3d66f",
  "fields": {
    "created_at": "2026-06-25T11:14:03.203Z",
    "updated_at": "2026-06-25T11:14:03.203Z",
    "is_active": true,
    "created_by": null,
    "employee": "9f231acb-85e3-4f67-ab5f-630f527d9b0c",
    "farm": "c1abee3a-865e-4d4c-837a-44eb4d4f552a",
    "date": "2026-06-25",
    "check_in_time": null,
    "check_out_time": null,
    "check_in_lat": null,
    "check_in_lng": null,
    "check_out_lat": null,
    "check_out_lng": null,
    "check_in_photo": "",
    "check_out_photo": "",
    "status": "PRESENT",
    "approval_status": "APPROVED",
    "approved_by": null,
    "overtime_hours": "0.00",
    "remarks": ""
  }
},
{
  "model": "workforce.attendance",
  "pk": "cc68e477-add0-4921-8410-4f7425dd98ce",
  "fields": {
    "created_at": "2026-06-26T21:31:09.557Z",
    "updated_at": "2026-06-26T21:33:29.079Z",
    "is_active": true,
    "created_by": null,
    "employee": "e68e46d6-8c43-4dcc-9262-0ab9a01dfc0b",
    "farm": "c1abee3a-865e-4d4c-837a-44eb4d4f552a",
    "date": "2026-06-26",
    "check_in_time": "2026-06-26T21:33:29.079Z",
    "check_out_time": null,
    "check_in_lat": "23.073021",
    "check_in_lng": "72.559692",
    "check_out_lat": null,
    "check_out_lng": null,
    "check_in_photo": "attendance/eyestation_WZrdhsz.jpg",
    "check_out_photo": "",
    "status": "PRESENT",
    "approval_status": "APPROVED",
    "approved_by": null,
    "overtime_hours": "0.00",
    "remarks": ""
  }
},
{
  "model": "workforce.attendance",
  "pk": "cc81b80c-cb6d-4bee-8389-6a44d897e516",
  "fields": {
    "created_at": "2026-06-22T07:36:50.715Z",
    "updated_at": "2026-06-22T07:37:03.212Z",
    "is_active": true,
    "created_by": null,
    "employee": "b012d422-94c2-4182-88d5-5d3bcf538379",
    "farm": "c1abee3a-865e-4d4c-837a-44eb4d4f552a",
    "date": "2026-06-22",
    "check_in_time": "2026-06-22T07:37:03.212Z",
    "check_out_time": null,
    "check_in_lat": "23.114189",
    "check_in_lng": "72.540447",
    "check_out_lat": null,
    "check_out_lng": null,
    "check_in_photo": "",
    "check_out_photo": "",
    "status": "PRESENT",
    "approval_status": "APPROVED",
    "approved_by": null,
    "overtime_hours": "0.00",
    "remarks": ""
  }
},
{
  "model": "workforce.attendance",
  "pk": "d3b64d78-4b7d-472b-bd98-007f2750fd16",
  "fields": {
    "created_at": "2026-06-22T11:50:20.918Z",
    "updated_at": "2026-06-22T11:50:21.012Z",
    "is_active": true,
    "created_by": null,
    "employee": "2de0c5c7-54cd-4d0d-9cc5-9e83e14e6ca2",
    "farm": "c1abee3a-865e-4d4c-837a-44eb4d4f552a",
    "date": "2026-06-22",
    "check_in_time": "2026-06-22T11:50:21.012Z",
    "check_out_time": null,
    "check_in_lat": "23.114214",
    "check_in_lng": "72.540504",
    "check_out_lat": null,
    "check_out_lng": null,
    "check_in_photo": "",
    "check_out_photo": "",
    "status": "PRESENT",
    "approval_status": "PENDING",
    "approved_by": null,
    "overtime_hours": "0.00",
    "remarks": ""
  }
},
{
  "model": "workforce.attendance",
  "pk": "d9bcb382-5013-4794-a6bc-f98b3a63a551",
  "fields": {
    "created_at": "2026-06-21T17:03:58.045Z",
    "updated_at": "2026-06-21T17:52:36.264Z",
    "is_active": true,
    "created_by": null,
    "employee": "9e00b64b-d175-429f-b9ce-855acdbf9d2c",
    "farm": "c1abee3a-865e-4d4c-837a-44eb4d4f552a",
    "date": "2026-06-21",
    "check_in_time": "2026-06-21T17:52:36.264Z",
    "check_out_time": null,
    "check_in_lat": "23.038900",
    "check_in_lng": "72.554900",
    "check_out_lat": null,
    "check_out_lng": null,
    "check_in_photo": "attendance/Screenshot_6_e71Jpnw.png",
    "check_out_photo": "",
    "status": "PRESENT",
    "approval_status": "APPROVED",
    "approved_by": null,
    "overtime_hours": "0.00",
    "remarks": ""
  }
},
{
  "model": "workforce.attendance",
  "pk": "e0b87e23-79a0-464d-9645-3e94f74a86f6",
  "fields": {
    "created_at": "2026-06-23T14:23:47.557Z",
    "updated_at": "2026-06-23T14:23:47.557Z",
    "is_active": true,
    "created_by": null,
    "employee": "2a75ac44-0af0-41ee-a39b-9eb465d4d806",
    "farm": "c1abee3a-865e-4d4c-837a-44eb4d4f552a",
    "date": "2026-06-23",
    "check_in_time": null,
    "check_out_time": null,
    "check_in_lat": null,
    "check_in_lng": null,
    "check_out_lat": null,
    "check_out_lng": null,
    "check_in_photo": "",
    "check_out_photo": "",
    "status": "PRESENT",
    "approval_status": "APPROVED",
    "approved_by": null,
    "overtime_hours": "0.00",
    "remarks": ""
  }
},
{
  "model": "workforce.attendance",
  "pk": "e7eb00ae-caa5-4feb-af28-d09285642eaf",
  "fields": {
    "created_at": "2026-06-23T11:48:03.541Z",
    "updated_at": "2026-06-23T12:24:25.704Z",
    "is_active": true,
    "created_by": null,
    "employee": "14d176e7-375b-42ce-8cf5-9b2bc0e049ef",
    "farm": "c1abee3a-865e-4d4c-837a-44eb4d4f552a",
    "date": "2026-06-23",
    "check_in_time": "2026-06-23T12:11:03.503Z",
    "check_out_time": "2026-06-23T12:24:25.701Z",
    "check_in_lat": "23.114199",
    "check_in_lng": "72.540482",
    "check_out_lat": "23.114172",
    "check_out_lng": "72.540457",
    "check_in_photo": "attendance/WhatsApp_Image_2023-12-03_at_23_A8r3f2G.21.52_e73ff8a7.jpg",
    "check_out_photo": "attendance/WhatsApp_Image_2023-12-03_at_23_Z5frmm9.31.03_d46e777d.jpg",
    "status": "PRESENT",
    "approval_status": "APPROVED",
    "approved_by": null,
    "overtime_hours": "0.00",
    "remarks": ""
  }
},
{
  "model": "workforce.department",
  "pk": "49417e16-c4f2-4351-a81f-8f8b200a65c0",
  "fields": {
    "created_at": "2026-06-20T17:23:50.612Z",
    "updated_at": "2026-06-20T17:23:50.612Z",
    "is_active": true,
    "name": "farm",
    "code": "111",
    "description": "qqq"
  }
},
{
  "model": "workforce.department",
  "pk": "daa892fb-28f7-47bd-a728-6c02667e70e1",
  "fields": {
    "created_at": "2026-06-21T13:31:12.672Z",
    "updated_at": "2026-06-21T13:31:12.672Z",
    "is_active": true,
    "name": "hjjj",
    "code": "",
    "description": "jjhdcjd"
  }
},
{
  "model": "workforce.skill",
  "pk": "7782d114-2a88-4759-a1d3-ae803759fd59",
  "fields": {
    "created_at": "2026-06-23T15:21:40.694Z",
    "updated_at": "2026-06-23T15:21:40.695Z",
    "is_active": true,
    "name": "python",
    "category": "cod"
  }
},
{
  "model": "workforce.skill",
  "pk": "fecca152-acb2-4818-9008-fadc568ba21e",
  "fields": {
    "created_at": "2026-06-23T14:20:04.609Z",
    "updated_at": "2026-06-23T14:20:04.609Z",
    "is_active": true,
    "name": "coding",
    "category": "no"
  }
},
{
  "model": "workforce.employmenthistory",
  "pk": "01c1deb7-d6a5-446a-a2eb-1ecab816f098",
  "fields": {
    "created_at": "2026-06-25T10:13:06.459Z",
    "updated_at": "2026-06-25T10:13:06.459Z",
    "is_active": true,
    "created_by": null,
    "employee": "34cc66c2-98f7-4acd-b13c-88be9f6a578c",
    "event_type": "JOINED",
    "designation": "",
    "department": null,
    "effective_date": "2026-06-25",
    "notes": "Employee record created"
  }
},
{
  "model": "workforce.employmenthistory",
  "pk": "172c61fb-da28-4d89-b9f6-cce1f0a9e661",
  "fields": {
    "created_at": "2026-06-25T06:51:39.256Z",
    "updated_at": "2026-06-25T12:28:19.628Z",
    "is_active": true,
    "created_by": null,
    "employee": "8ae04daf-bb14-4f10-be13-f1c0bc91d788",
    "event_type": "JOINED",
    "designation": "fd",
    "department": "daa892fb-28f7-47bd-a728-6c02667e70e1",
    "effective_date": "2026-06-25",
    "notes": "Employee record created"
  }
},
{
  "model": "workforce.employmenthistory",
  "pk": "2dd58c50-aa31-4243-af05-c6fbd197c1a2",
  "fields": {
    "created_at": "2026-06-26T09:40:20.628Z",
    "updated_at": "2026-06-26T09:40:20.628Z",
    "is_active": true,
    "created_by": null,
    "employee": "222ddc25-d419-4264-98e1-4ca8105d7387",
    "event_type": "JOINED",
    "designation": "",
    "department": null,
    "effective_date": "2026-06-26",
    "notes": "Employee record created"
  }
},
{
  "model": "workforce.employmenthistory",
  "pk": "4283080a-eebf-460e-9be7-f515bfa36bc0",
  "fields": {
    "created_at": "2026-06-25T13:38:23.261Z",
    "updated_at": "2026-06-25T13:38:23.261Z",
    "is_active": true,
    "created_by": null,
    "employee": "5627dcda-f894-4a25-a270-562e78b106f3",
    "event_type": "JOINED",
    "designation": "",
    "department": null,
    "effective_date": "2026-06-25",
    "notes": "Employee record created"
  }
},
{
  "model": "workforce.employmenthistory",
  "pk": "44359dc3-70f1-4e54-8242-eebac7230f14",
  "fields": {
    "created_at": "2026-06-23T14:23:47.548Z",
    "updated_at": "2026-06-23T14:23:47.548Z",
    "is_active": true,
    "created_by": null,
    "employee": "2a75ac44-0af0-41ee-a39b-9eb465d4d806",
    "event_type": "JOINED",
    "designation": "",
    "department": null,
    "effective_date": "2024-01-15",
    "notes": "Employee record created"
  }
},
{
  "model": "workforce.employmenthistory",
  "pk": "4cf6c8b5-8bba-4d67-9365-d4eab4ac3a9b",
  "fields": {
    "created_at": "2026-06-25T11:14:03.177Z",
    "updated_at": "2026-06-25T11:14:03.177Z",
    "is_active": true,
    "created_by": null,
    "employee": "9f231acb-85e3-4f67-ab5f-630f527d9b0c",
    "event_type": "JOINED",
    "designation": "",
    "department": null,
    "effective_date": "2026-06-25",
    "notes": "Employee record created"
  }
},
{
  "model": "workforce.employmenthistory",
  "pk": "6ad6a12b-7414-43cd-b5c8-ca8c83a3e8af",
  "fields": {
    "created_at": "2026-06-25T07:29:53.010Z",
    "updated_at": "2026-06-25T07:29:53.010Z",
    "is_active": true,
    "created_by": null,
    "employee": "e0ce7859-4926-4a92-98b7-c7b57c3ff13b",
    "event_type": "JOINED",
    "designation": "",
    "department": null,
    "effective_date": "2026-06-25",
    "notes": "Employee record created"
  }
},
{
  "model": "workforce.employmenthistory",
  "pk": "93223106-ccbd-4312-a744-81529a692304",
  "fields": {
    "created_at": "2026-06-26T21:31:09.542Z",
    "updated_at": "2026-06-26T21:31:09.542Z",
    "is_active": true,
    "created_by": null,
    "employee": "e68e46d6-8c43-4dcc-9262-0ab9a01dfc0b",
    "event_type": "JOINED",
    "designation": "",
    "department": null,
    "effective_date": "2026-06-26",
    "notes": "Employee record created"
  }
},
{
  "model": "workforce.employmenthistory",
  "pk": "a5a4de45-1995-41b2-bfe2-f3de7de0a23f",
  "fields": {
    "created_at": "2026-06-26T13:52:14.218Z",
    "updated_at": "2026-06-26T13:52:14.218Z",
    "is_active": true,
    "created_by": null,
    "employee": "07a51996-bcfd-45d6-8dfe-c1f6d87e51f8",
    "event_type": "JOINED",
    "designation": "",
    "department": null,
    "effective_date": "2026-06-26",
    "notes": "Employee record created"
  }
},
{
  "model": "workforce.employmenthistory",
  "pk": "a803f49d-4ee6-4212-882e-6cd038928807",
  "fields": {
    "created_at": "2026-06-23T11:48:03.494Z",
    "updated_at": "2026-06-23T11:48:03.494Z",
    "is_active": true,
    "created_by": null,
    "employee": "14d176e7-375b-42ce-8cf5-9b2bc0e049ef",
    "event_type": "JOINED",
    "designation": "",
    "department": null,
    "effective_date": "2026-06-23",
    "notes": "Employee record created"
  }
},
{
  "model": "workforce.employmenthistory",
  "pk": "acae1492-a1b1-4a09-bf23-1731374a15cf",
  "fields": {
    "created_at": "2026-06-22T14:26:36.671Z",
    "updated_at": "2026-06-22T14:26:36.671Z",
    "is_active": true,
    "created_by": null,
    "employee": "9253dfa8-7f92-42ed-a52e-c4b7bc8cc6cb",
    "event_type": "JOINED",
    "designation": "",
    "department": null,
    "effective_date": "2026-06-22",
    "notes": "Employee record created"
  }
},
{
  "model": "workforce.employmenthistory",
  "pk": "b42f654f-34da-484e-8ab5-e153b42ff752",
  "fields": {
    "created_at": "2026-06-25T08:12:32.470Z",
    "updated_at": "2026-06-25T08:12:32.470Z",
    "is_active": true,
    "created_by": null,
    "employee": "b1170d56-aeed-472e-8b5d-609cd4f17b5e",
    "event_type": "JOINED",
    "designation": "",
    "department": null,
    "effective_date": "2026-06-25",
    "notes": "Employee record created"
  }
},
{
  "model": "workforce.employmenthistory",
  "pk": "dd83c3f9-c5cb-46d5-b6bb-cb0fc6d3cf24",
  "fields": {
    "created_at": "2026-06-26T14:26:22.071Z",
    "updated_at": "2026-06-26T14:26:22.071Z",
    "is_active": true,
    "created_by": null,
    "employee": "a69f7b98-f428-4227-b31b-bb3baaad80b9",
    "event_type": "JOINED",
    "designation": "",
    "department": null,
    "effective_date": "2026-06-26",
    "notes": "Employee record created"
  }
},
{
  "model": "workforce.employmenthistory",
  "pk": "f1908ec2-d593-4e86-b346-0f0ad0b6e0d0",
  "fields": {
    "created_at": "2026-06-25T05:55:17.329Z",
    "updated_at": "2026-06-25T12:28:08.055Z",
    "is_active": true,
    "created_by": null,
    "employee": "3bbabcde-ebb5-4f55-8758-85102f12c85d",
    "event_type": "JOINED",
    "designation": "f dd",
    "department": "49417e16-c4f2-4351-a81f-8f8b200a65c0",
    "effective_date": "2026-06-25",
    "notes": "Employee record created"
  }
},
{
  "model": "workforce.performancereview",
  "pk": "468005a6-41c3-4499-bb6d-3b02b4d4db24",
  "fields": {
    "created_at": "2026-06-22T06:04:17.987Z",
    "updated_at": "2026-06-22T06:04:17.987Z",
    "is_active": true,
    "created_by": "613628b5-9ae8-4768-8a3b-05601cf5d738",
    "employee": "9e00b64b-d175-429f-b9ce-855acdbf9d2c",
    "review_date": "2026-07-01",
    "period": "knkn",
    "rating": 3,
    "reviewer": "613628b5-9ae8-4768-8a3b-05601cf5d738",
    "strengths": "njghj",
    "improvements": "kjk",
    "remarks": "nkn"
  }
},
{
  "model": "workforce.availability",
  "pk": "073d3e1d-b8ca-42d2-bfc6-c94f58bc31db",
  "fields": {
    "created_at": "2026-06-22T07:36:50.672Z",
    "updated_at": "2026-06-22T07:36:50.672Z",
    "is_active": true,
    "created_by": null,
    "employee": "b012d422-94c2-4182-88d5-5d3bcf538379",
    "start_date": "2026-06-22",
    "end_date": null,
    "status": "AVAILABLE",
    "reason": "New employee / labour joined"
  }
},
{
  "model": "workforce.availability",
  "pk": "193823f6-6e3d-43ef-a84e-19109ef7041c",
  "fields": {
    "created_at": "2026-06-25T11:14:03.190Z",
    "updated_at": "2026-06-25T11:14:03.190Z",
    "is_active": true,
    "created_by": null,
    "employee": "9f231acb-85e3-4f67-ab5f-630f527d9b0c",
    "start_date": "2026-06-25",
    "end_date": null,
    "status": "AVAILABLE",
    "reason": "New employee / labour joined"
  }
},
{
  "model": "workforce.availability",
  "pk": "1e2aa708-62ac-422b-827e-a06d2fca38dc",
  "fields": {
    "created_at": "2026-06-26T14:26:22.269Z",
    "updated_at": "2026-06-26T14:26:22.269Z",
    "is_active": true,
    "created_by": null,
    "employee": "a69f7b98-f428-4227-b31b-bb3baaad80b9",
    "start_date": "2026-06-26",
    "end_date": null,
    "status": "AVAILABLE",
    "reason": "New employee / labour joined"
  }
},
{
  "model": "workforce.availability",
  "pk": "2a7b60d5-9b07-4843-92c1-ca59c5422474",
  "fields": {
    "created_at": "2026-06-22T07:39:44.106Z",
    "updated_at": "2026-06-22T07:39:44.106Z",
    "is_active": true,
    "created_by": null,
    "employee": "429f93d7-cea3-4a98-b6c4-dacad87a4e8a",
    "start_date": "2026-06-22",
    "end_date": null,
    "status": "AVAILABLE",
    "reason": "New employee / labour joined"
  }
},
{
  "model": "workforce.availability",
  "pk": "2c5a2985-c6be-4574-be66-9ca4f78bb5c1",
  "fields": {
    "created_at": "2026-06-22T14:26:36.679Z",
    "updated_at": "2026-06-22T14:26:36.679Z",
    "is_active": true,
    "created_by": null,
    "employee": "9253dfa8-7f92-42ed-a52e-c4b7bc8cc6cb",
    "start_date": "2026-06-22",
    "end_date": null,
    "status": "AVAILABLE",
    "reason": "New employee / labour joined"
  }
},
{
  "model": "workforce.availability",
  "pk": "497242b5-d037-47ea-9ebe-8dd982b1f9be",
  "fields": {
    "created_at": "2026-06-23T11:48:03.506Z",
    "updated_at": "2026-06-23T11:48:03.506Z",
    "is_active": true,
    "created_by": null,
    "employee": "14d176e7-375b-42ce-8cf5-9b2bc0e049ef",
    "start_date": "2026-06-23",
    "end_date": null,
    "status": "AVAILABLE",
    "reason": "New employee / labour joined"
  }
},
{
  "model": "workforce.availability",
  "pk": "4eb829a3-2b31-48a4-9aac-b4920b52d11b",
  "fields": {
    "created_at": "2026-06-25T13:38:23.266Z",
    "updated_at": "2026-06-25T13:38:23.266Z",
    "is_active": true,
    "created_by": null,
    "employee": "5627dcda-f894-4a25-a270-562e78b106f3",
    "start_date": "2026-06-25",
    "end_date": null,
    "status": "AVAILABLE",
    "reason": "New employee / labour joined"
  }
},
{
  "model": "workforce.availability",
  "pk": "6519444b-9b58-48a1-86d7-12e7db76fe14",
  "fields": {
    "created_at": "2026-06-25T08:12:32.486Z",
    "updated_at": "2026-06-25T08:12:32.486Z",
    "is_active": true,
    "created_by": null,
    "employee": "b1170d56-aeed-472e-8b5d-609cd4f17b5e",
    "start_date": "2026-06-25",
    "end_date": null,
    "status": "AVAILABLE",
    "reason": "New employee / labour joined"
  }
},
{
  "model": "workforce.availability",
  "pk": "88596b57-c2b0-4807-b7cc-5baca34c5836",
  "fields": {
    "created_at": "2026-06-21T16:59:13.177Z",
    "updated_at": "2026-06-21T16:59:13.177Z",
    "is_active": true,
    "created_by": null,
    "employee": "98c3f253-6511-40e5-b1a8-fdcc52b875aa",
    "start_date": "2026-06-21",
    "end_date": null,
    "status": "AVAILABLE",
    "reason": "New employee / labour joined"
  }
},
{
  "model": "workforce.availability",
  "pk": "9eb6b2c9-310a-4115-8556-b5f26064cbe2",
  "fields": {
    "created_at": "2026-06-26T09:40:20.630Z",
    "updated_at": "2026-06-26T09:40:20.630Z",
    "is_active": true,
    "created_by": null,
    "employee": "222ddc25-d419-4264-98e1-4ca8105d7387",
    "start_date": "2026-06-26",
    "end_date": null,
    "status": "AVAILABLE",
    "reason": "New employee / labour joined"
  }
},
{
  "model": "workforce.availability",
  "pk": "ae7d3ab4-5de2-403c-8596-4bae693ec143",
  "fields": {
    "created_at": "2026-06-26T21:31:09.550Z",
    "updated_at": "2026-06-26T21:31:09.550Z",
    "is_active": true,
    "created_by": null,
    "employee": "e68e46d6-8c43-4dcc-9262-0ab9a01dfc0b",
    "start_date": "2026-06-26",
    "end_date": null,
    "status": "AVAILABLE",
    "reason": "New employee / labour joined"
  }
},
{
  "model": "workforce.availability",
  "pk": "b6905c1c-9643-4dad-bd62-360a84b8a1b8",
  "fields": {
    "created_at": "2026-06-21T10:09:01.090Z",
    "updated_at": "2026-06-21T10:09:01.090Z",
    "is_active": true,
    "created_by": null,
    "employee": "2de0c5c7-54cd-4d0d-9cc5-9e83e14e6ca2",
    "start_date": "2026-06-21",
    "end_date": null,
    "status": "AVAILABLE",
    "reason": "New employee / labour joined"
  }
},
{
  "model": "workforce.availability",
  "pk": "b71b47f9-9da3-45e6-b4b7-be4b20d2baa9",
  "fields": {
    "created_at": "2026-06-26T13:52:14.238Z",
    "updated_at": "2026-06-26T13:52:14.238Z",
    "is_active": true,
    "created_by": null,
    "employee": "07a51996-bcfd-45d6-8dfe-c1f6d87e51f8",
    "start_date": "2026-06-26",
    "end_date": null,
    "status": "AVAILABLE",
    "reason": "New employee / labour joined"
  }
},
{
  "model": "workforce.availability",
  "pk": "b9617967-0c15-41c8-845d-9ad485e7e694",
  "fields": {
    "created_at": "2026-06-23T14:23:47.550Z",
    "updated_at": "2026-06-23T14:23:47.550Z",
    "is_active": true,
    "created_by": null,
    "employee": "2a75ac44-0af0-41ee-a39b-9eb465d4d806",
    "start_date": "2024-01-15",
    "end_date": null,
    "status": "AVAILABLE",
    "reason": "New employee / labour joined"
  }
},
{
  "model": "workforce.availability",
  "pk": "bc9eb0d4-f680-4be4-8d17-4b5f4a5438c5",
  "fields": {
    "created_at": "2026-06-25T07:29:53.021Z",
    "updated_at": "2026-06-25T07:29:53.022Z",
    "is_active": true,
    "created_by": null,
    "employee": "e0ce7859-4926-4a92-98b7-c7b57c3ff13b",
    "start_date": "2026-06-25",
    "end_date": null,
    "status": "AVAILABLE",
    "reason": "New employee / labour joined"
  }
},
{
  "model": "workforce.availability",
  "pk": "c5d74ce7-cbd0-4ab3-ac3c-a3c43aebf895",
  "fields": {
    "created_at": "2026-06-22T07:32:54.298Z",
    "updated_at": "2026-06-22T07:32:54.298Z",
    "is_active": true,
    "created_by": null,
    "employee": "71a0ce91-febd-4dca-bcf2-5663647c1186",
    "start_date": "2026-06-22",
    "end_date": null,
    "status": "AVAILABLE",
    "reason": "New employee / labour joined"
  }
},
{
  "model": "workforce.availability",
  "pk": "cbbfa88e-1ff5-4985-9d56-fcc202e0400a",
  "fields": {
    "created_at": "2026-06-25T05:55:17.334Z",
    "updated_at": "2026-06-25T05:55:17.334Z",
    "is_active": true,
    "created_by": null,
    "employee": "3bbabcde-ebb5-4f55-8758-85102f12c85d",
    "start_date": "2026-06-25",
    "end_date": null,
    "status": "AVAILABLE",
    "reason": "New employee / labour joined"
  }
},
{
  "model": "workforce.availability",
  "pk": "d8283f56-7e9b-4604-b32a-e1f8aa43030b",
  "fields": {
    "created_at": "2026-06-25T10:13:06.464Z",
    "updated_at": "2026-06-25T10:13:06.464Z",
    "is_active": true,
    "created_by": null,
    "employee": "34cc66c2-98f7-4acd-b13c-88be9f6a578c",
    "start_date": "2026-06-25",
    "end_date": null,
    "status": "AVAILABLE",
    "reason": "New employee / labour joined"
  }
},
{
  "model": "workforce.availability",
  "pk": "e130b4a9-f5d4-45fa-8b7e-6c8a080556a6",
  "fields": {
    "created_at": "2026-06-25T06:51:39.261Z",
    "updated_at": "2026-06-25T06:51:39.261Z",
    "is_active": true,
    "created_by": null,
    "employee": "8ae04daf-bb14-4f10-be13-f1c0bc91d788",
    "start_date": "2026-06-25",
    "end_date": null,
    "status": "AVAILABLE",
    "reason": "New employee / labour joined"
  }
},
{
  "model": "workforce.availability",
  "pk": "ee8dcb8c-bb68-4c7d-9335-46ba296037df",
  "fields": {
    "created_at": "2026-06-21T17:03:57.991Z",
    "updated_at": "2026-06-21T17:03:57.991Z",
    "is_active": true,
    "created_by": null,
    "employee": "9e00b64b-d175-429f-b9ce-855acdbf9d2c",
    "start_date": "2026-06-21",
    "end_date": null,
    "status": "AVAILABLE",
    "reason": "New employee / labour joined"
  }
},
{
  "model": "payroll.payrollperiod",
  "pk": "57395e0a-40ef-4115-969b-fc30ad5c0a3a",
  "fields": {
    "created_at": "2026-06-21T18:07:31.539Z",
    "updated_at": "2026-06-26T20:12:47.153Z",
    "is_active": true,
    "created_by": null,
    "farm": "c1abee3a-865e-4d4c-837a-44eb4d4f552a",
    "month": 6,
    "year": 2026,
    "status": "GENERATED",
    "generated_at": "2026-06-26T20:12:47.153Z"
  }
},
{
  "model": "payroll.payrollperiod",
  "pk": "78349a01-7320-4c96-8384-05328a5633db",
  "fields": {
    "created_at": "2026-06-22T07:52:22.931Z",
    "updated_at": "2026-06-26T18:39:23.748Z",
    "is_active": true,
    "created_by": null,
    "farm": "1359a817-9ea7-4c67-9355-af8eb5ef462f",
    "month": 6,
    "year": 2026,
    "status": "GENERATED",
    "generated_at": "2026-06-26T18:39:23.748Z"
  }
},
{
  "model": "payroll.payrollperiod",
  "pk": "983c5858-f054-4c98-bff5-51d10c57e6a5",
  "fields": {
    "created_at": "2026-06-26T19:23:53.599Z",
    "updated_at": "2026-06-26T19:24:01.126Z",
    "is_active": true,
    "created_by": "ef56c7a6-b735-42ca-8b84-25f327f9a8d6",
    "farm": "dbad3c0a-3459-413b-b5b1-61278757856c",
    "month": 6,
    "year": 2026,
    "status": "GENERATED",
    "generated_at": "2026-06-26T19:24:01.126Z"
  }
},
{
  "model": "payroll.payrollperiod",
  "pk": "a2b350c3-eac1-42c9-8b70-7d869becf03d",
  "fields": {
    "created_at": "2026-06-26T20:07:44.173Z",
    "updated_at": "2026-06-26T20:12:28.362Z",
    "is_active": true,
    "created_by": "ef56c7a6-b735-42ca-8b84-25f327f9a8d6",
    "farm": "c1abee3a-865e-4d4c-837a-44eb4d4f552a",
    "month": 6,
    "year": 2027,
    "status": "GENERATED",
    "generated_at": "2026-06-26T20:12:28.362Z"
  }
},
{
  "model": "payroll.payrollperiod",
  "pk": "aa91e9e7-b8b4-4f1b-ab9c-033aa058b4e5",
  "fields": {
    "created_at": "2026-06-26T20:07:05.924Z",
    "updated_at": "2026-06-26T20:07:15.125Z",
    "is_active": true,
    "created_by": "ef56c7a6-b735-42ca-8b84-25f327f9a8d6",
    "farm": "d9794d6b-9d7c-411e-95d9-2e4470f4b878",
    "month": 6,
    "year": 2025,
    "status": "GENERATED",
    "generated_at": "2026-06-26T20:07:15.125Z"
  }
},
{
  "model": "payroll.payrollperiod",
  "pk": "c4daec21-a888-46ac-9fb8-0bb9fbde05ef",
  "fields": {
    "created_at": "2026-06-26T20:14:10.917Z",
    "updated_at": "2026-06-26T20:14:34.151Z",
    "is_active": true,
    "created_by": "ef56c7a6-b735-42ca-8b84-25f327f9a8d6",
    "farm": "c1abee3a-865e-4d4c-837a-44eb4d4f552a",
    "month": 6,
    "year": 2021,
    "status": "GENERATED",
    "generated_at": "2026-06-26T20:14:34.150Z"
  }
},
{
  "model": "payroll.payrollperiod",
  "pk": "c7295e9b-d58a-4cb6-8726-582d721c41ba",
  "fields": {
    "created_at": "2026-06-26T20:13:08.854Z",
    "updated_at": "2026-06-26T20:13:59.611Z",
    "is_active": true,
    "created_by": "ef56c7a6-b735-42ca-8b84-25f327f9a8d6",
    "farm": "c1abee3a-865e-4d4c-837a-44eb4d4f552a",
    "month": 6,
    "year": 2030,
    "status": "GENERATED",
    "generated_at": "2026-06-26T20:13:59.610Z"
  }
},
{
  "model": "payroll.payrollperiod",
  "pk": "c73be184-af58-418a-a2fc-9eb2585ddf7b",
  "fields": {
    "created_at": "2026-06-26T19:23:30.291Z",
    "updated_at": "2026-06-26T19:23:35.248Z",
    "is_active": true,
    "created_by": "ef56c7a6-b735-42ca-8b84-25f327f9a8d6",
    "farm": "61f13c11-d266-47d0-a4da-85b32c4ced3d",
    "month": 6,
    "year": 2026,
    "status": "GENERATED",
    "generated_at": "2026-06-26T19:23:35.248Z"
  }
},
{
  "model": "payroll.advance",
  "pk": "04cc001f-9561-437f-9915-710cb2e3c8ad",
  "fields": {
    "created_at": "2026-06-23T13:42:14.129Z",
    "updated_at": "2026-06-23T13:42:14.129Z",
    "is_active": true,
    "created_by": null,
    "employee": "14d176e7-375b-42ce-8cf5-9b2bc0e049ef",
    "farm": "c1abee3a-865e-4d4c-837a-44eb4d4f552a",
    "amount": "432.00",
    "date": "2026-06-10",
    "reason": "f",
    "amount_repaid": "43.00",
    "status": "CLEARED"
  }
},
{
  "model": "payroll.advance",
  "pk": "04ea6469-caa8-4e22-8dfe-23b240849c6e",
  "fields": {
    "created_at": "2026-06-24T07:34:24.324Z",
    "updated_at": "2026-06-24T07:34:24.324Z",
    "is_active": true,
    "created_by": null,
    "employee": "14d176e7-375b-42ce-8cf5-9b2bc0e049ef",
    "farm": "c1abee3a-865e-4d4c-837a-44eb4d4f552a",
    "amount": "20000.00",
    "date": "2026-06-14",
    "reason": "no",
    "amount_repaid": "999.00",
    "status": "OUTSTANDING"
  }
},
{
  "model": "payroll.advance",
  "pk": "05e1d938-80df-4fa3-b632-1246533d4553",
  "fields": {
    "created_at": "2026-06-26T18:29:56.997Z",
    "updated_at": "2026-06-26T18:29:56.997Z",
    "is_active": true,
    "created_by": null,
    "employee": "8ae04daf-bb14-4f10-be13-f1c0bc91d788",
    "farm": "61f13c11-d266-47d0-a4da-85b32c4ced3d",
    "amount": "10000.00",
    "date": "2026-06-26",
    "reason": "",
    "amount_repaid": "0.00",
    "status": "OUTSTANDING"
  }
},
{
  "model": "payroll.advance",
  "pk": "0981af99-6d54-4302-87a0-5cde4b22254e",
  "fields": {
    "created_at": "2026-06-25T09:14:51.168Z",
    "updated_at": "2026-06-25T09:14:51.169Z",
    "is_active": true,
    "created_by": null,
    "employee": "3bbabcde-ebb5-4f55-8758-85102f12c85d",
    "farm": "1359a817-9ea7-4c67-9355-af8eb5ef462f",
    "amount": "12000.00",
    "date": "2026-06-22",
    "reason": "no",
    "amount_repaid": "0.00",
    "status": "OUTSTANDING"
  }
},
{
  "model": "payroll.advance",
  "pk": "1fc3b33b-56f4-4b1e-9cd8-98d4fb837bab",
  "fields": {
    "created_at": "2026-06-23T13:35:45.500Z",
    "updated_at": "2026-06-23T13:35:45.500Z",
    "is_active": true,
    "created_by": null,
    "employee": "14d176e7-375b-42ce-8cf5-9b2bc0e049ef",
    "farm": "c1abee3a-865e-4d4c-837a-44eb4d4f552a",
    "amount": "12000.00",
    "date": "2026-06-22",
    "reason": "etry",
    "amount_repaid": "1200.00",
    "status": "OUTSTANDING"
  }
},
{
  "model": "payroll.advance",
  "pk": "2ff1470e-9891-4c72-9817-7962ce0e311e",
  "fields": {
    "created_at": "2026-06-26T18:39:51.010Z",
    "updated_at": "2026-06-26T18:39:51.010Z",
    "is_active": true,
    "created_by": null,
    "employee": "e0ce7859-4926-4a92-98b7-c7b57c3ff13b",
    "farm": "1359a817-9ea7-4c67-9355-af8eb5ef462f",
    "amount": "1000.00",
    "date": "2026-06-27",
    "reason": "",
    "amount_repaid": "1000.00",
    "status": "CLEARED"
  }
},
{
  "model": "payroll.advance",
  "pk": "3d960685-5401-408d-b8f3-d85b8d5931f0",
  "fields": {
    "created_at": "2026-06-25T06:22:46.070Z",
    "updated_at": "2026-06-25T06:44:10.689Z",
    "is_active": true,
    "created_by": null,
    "employee": "3bbabcde-ebb5-4f55-8758-85102f12c85d",
    "farm": "1359a817-9ea7-4c67-9355-af8eb5ef462f",
    "amount": "100.00",
    "date": "2026-06-23",
    "reason": "no",
    "amount_repaid": "0.00",
    "status": "CLEARED"
  }
},
{
  "model": "payroll.advance",
  "pk": "3f58f182-0380-4136-a565-877899426888",
  "fields": {
    "created_at": "2026-06-24T07:33:46.869Z",
    "updated_at": "2026-06-24T07:33:46.869Z",
    "is_active": true,
    "created_by": null,
    "employee": "b012d422-94c2-4182-88d5-5d3bcf538379",
    "farm": "c1abee3a-865e-4d4c-837a-44eb4d4f552a",
    "amount": "1200.00",
    "date": "2026-06-22",
    "reason": "no",
    "amount_repaid": "0.00",
    "status": "OUTSTANDING"
  }
},
{
  "model": "payroll.advance",
  "pk": "78d4ec40-0ba4-48fe-9485-65b81cb01c61",
  "fields": {
    "created_at": "2026-06-26T18:10:07.674Z",
    "updated_at": "2026-06-26T18:10:07.674Z",
    "is_active": true,
    "created_by": null,
    "employee": "b1170d56-aeed-472e-8b5d-609cd4f17b5e",
    "farm": "c1abee3a-865e-4d4c-837a-44eb4d4f552a",
    "amount": "121.00",
    "date": "2026-06-26",
    "reason": "",
    "amount_repaid": "0.00",
    "status": "OUTSTANDING"
  }
},
{
  "model": "payroll.advance",
  "pk": "7cd9acf6-15a5-42fd-a8c3-c8278c02c5e0",
  "fields": {
    "created_at": "2026-06-26T19:24:59.901Z",
    "updated_at": "2026-06-26T19:24:59.901Z",
    "is_active": true,
    "created_by": null,
    "employee": "a69f7b98-f428-4227-b31b-bb3baaad80b9",
    "farm": "61f13c11-d266-47d0-a4da-85b32c4ced3d",
    "amount": "1200.00",
    "date": "2026-06-27",
    "reason": "",
    "amount_repaid": "1200.00",
    "status": "CLEARED"
  }
},
{
  "model": "payroll.advance",
  "pk": "88f522e3-59f5-4574-a7f5-0378b7001ac6",
  "fields": {
    "created_at": "2026-06-23T13:23:41.766Z",
    "updated_at": "2026-06-23T13:23:41.767Z",
    "is_active": true,
    "created_by": null,
    "employee": "14d176e7-375b-42ce-8cf5-9b2bc0e049ef",
    "farm": "c1abee3a-865e-4d4c-837a-44eb4d4f552a",
    "amount": "161.00",
    "date": "2026-06-24",
    "reason": "no",
    "amount_repaid": "98.00",
    "status": "CLEARED"
  }
},
{
  "model": "payroll.advance",
  "pk": "98e2049d-88c3-4aae-8e48-9d4c44c8c143",
  "fields": {
    "created_at": "2026-06-26T19:02:40.471Z",
    "updated_at": "2026-06-26T19:02:40.471Z",
    "is_active": true,
    "created_by": null,
    "employee": "9253dfa8-7f92-42ed-a52e-c4b7bc8cc6cb",
    "farm": "1359a817-9ea7-4c67-9355-af8eb5ef462f",
    "amount": "12000.00",
    "date": "2026-06-27",
    "reason": "",
    "amount_repaid": "12000.00",
    "status": "CLEARED"
  }
},
{
  "model": "payroll.advance",
  "pk": "aafedd00-8dbf-4a2e-889f-ef64ad7a9727",
  "fields": {
    "created_at": "2026-06-26T19:51:10.479Z",
    "updated_at": "2026-06-26T19:51:10.479Z",
    "is_active": true,
    "created_by": null,
    "employee": "a69f7b98-f428-4227-b31b-bb3baaad80b9",
    "farm": "61f13c11-d266-47d0-a4da-85b32c4ced3d",
    "amount": "800.00",
    "date": "2026-06-27",
    "reason": "",
    "amount_repaid": "800.00",
    "status": "CLEARED"
  }
},
{
  "model": "payroll.advance",
  "pk": "c6e816d2-79df-4bb7-85dd-7b2e1ef3f6b6",
  "fields": {
    "created_at": "2026-06-22T07:45:52.460Z",
    "updated_at": "2026-06-22T07:45:52.460Z",
    "is_active": true,
    "created_by": null,
    "employee": "b012d422-94c2-4182-88d5-5d3bcf538379",
    "farm": "1359a817-9ea7-4c67-9355-af8eb5ef462f",
    "amount": "187.00",
    "date": "2026-06-13",
    "reason": "no my wish",
    "amount_repaid": "81.00",
    "status": "CLEARED"
  }
},
{
  "model": "payroll.advance",
  "pk": "d2246309-1a86-4fa1-afb9-31322326439d",
  "fields": {
    "created_at": "2026-06-26T17:58:34.367Z",
    "updated_at": "2026-06-26T17:58:34.367Z",
    "is_active": true,
    "created_by": null,
    "employee": "b1170d56-aeed-472e-8b5d-609cd4f17b5e",
    "farm": "c1abee3a-865e-4d4c-837a-44eb4d4f552a",
    "amount": "10000.00",
    "date": "2026-06-26",
    "reason": "",
    "amount_repaid": "0.00",
    "status": "OUTSTANDING"
  }
},
{
  "model": "payroll.advance",
  "pk": "d94af314-1683-4715-a958-78e6f906dddd",
  "fields": {
    "created_at": "2026-06-24T09:38:59.452Z",
    "updated_at": "2026-06-24T09:38:59.453Z",
    "is_active": true,
    "created_by": null,
    "employee": "b012d422-94c2-4182-88d5-5d3bcf538379",
    "farm": "c1abee3a-865e-4d4c-837a-44eb4d4f552a",
    "amount": "10000.00",
    "date": "2026-06-24",
    "reason": "work",
    "amount_repaid": "0.00",
    "status": "CLEARED"
  }
},
{
  "model": "payroll.advance",
  "pk": "ee7915cb-af04-478a-8cc9-a1d522a122ba",
  "fields": {
    "created_at": "2026-06-23T17:41:08.741Z",
    "updated_at": "2026-06-23T17:41:08.741Z",
    "is_active": true,
    "created_by": null,
    "employee": "9e00b64b-d175-429f-b9ce-855acdbf9d2c",
    "farm": "1359a817-9ea7-4c67-9355-af8eb5ef462f",
    "amount": "5000.00",
    "date": "2006-12-04",
    "reason": "nothing",
    "amount_repaid": "0.00",
    "status": "OUTSTANDING"
  }
},
{
  "model": "payroll.advance",
  "pk": "fadf18fc-05a7-4dde-aa74-0101c957c662",
  "fields": {
    "created_at": "2026-06-26T17:59:13.034Z",
    "updated_at": "2026-06-26T17:59:13.034Z",
    "is_active": true,
    "created_by": null,
    "employee": "b1170d56-aeed-472e-8b5d-609cd4f17b5e",
    "farm": "c1abee3a-865e-4d4c-837a-44eb4d4f552a",
    "amount": "1122221.00",
    "date": "2026-06-26",
    "reason": "",
    "amount_repaid": "0.00",
    "status": "OUTSTANDING"
  }
},
{
  "model": "payroll.advance",
  "pk": "fff911aa-8756-45d7-acb7-1e25c8ca1b42",
  "fields": {
    "created_at": "2026-06-25T10:14:35.053Z",
    "updated_at": "2026-06-25T10:29:28.323Z",
    "is_active": true,
    "created_by": null,
    "employee": "34cc66c2-98f7-4acd-b13c-88be9f6a578c",
    "farm": "c1abee3a-865e-4d4c-837a-44eb4d4f552a",
    "amount": "2000.00",
    "date": "2026-06-17",
    "reason": "no",
    "amount_repaid": "0.00",
    "status": "CLEARED"
  }
},
{
  "model": "payroll.incentive",
  "pk": "2cdd620d-c8b3-4117-8175-57ecb3145f3d",
  "fields": {
    "created_at": "2026-06-26T12:10:31.928Z",
    "updated_at": "2026-06-26T12:10:31.928Z",
    "is_active": true,
    "created_by": null,
    "employee": "8ae04daf-bb14-4f10-be13-f1c0bc91d788",
    "farm": "1359a817-9ea7-4c67-9355-af8eb5ef462f",
    "amount": "1500.00",
    "reason": "",
    "date": "2026-06-26"
  }
},
{
  "model": "payroll.incentive",
  "pk": "43981ab5-fb4e-41fa-8510-495c1251b0d7",
  "fields": {
    "created_at": "2026-06-24T07:37:08.899Z",
    "updated_at": "2026-06-24T07:37:08.899Z",
    "is_active": true,
    "created_by": null,
    "employee": "b012d422-94c2-4182-88d5-5d3bcf538379",
    "farm": "c1abee3a-865e-4d4c-837a-44eb4d4f552a",
    "amount": "12000.00",
    "reason": "my wish",
    "date": "2026-06-24"
  }
},
{
  "model": "payroll.incentive",
  "pk": "c3cafa18-d2dd-4ed8-b19f-02ee3b393538",
  "fields": {
    "created_at": "2026-06-25T10:31:43.626Z",
    "updated_at": "2026-06-25T10:31:43.626Z",
    "is_active": true,
    "created_by": null,
    "employee": "34cc66c2-98f7-4acd-b13c-88be9f6a578c",
    "farm": "c1abee3a-865e-4d4c-837a-44eb4d4f552a",
    "amount": "1120.00",
    "reason": "",
    "date": "2026-06-25"
  }
},
{
  "model": "payroll.deduction",
  "pk": "470e5832-3453-49eb-9082-fd9360a4cbb6",
  "fields": {
    "created_at": "2026-06-26T19:03:07.201Z",
    "updated_at": "2026-06-26T19:03:07.201Z",
    "is_active": true,
    "created_by": null,
    "employee": "9253dfa8-7f92-42ed-a52e-c4b7bc8cc6cb",
    "farm": "1359a817-9ea7-4c67-9355-af8eb5ef462f",
    "deduction_type": "PF",
    "amount": "3000.00",
    "date": "2026-06-27",
    "notes": ""
  }
},
{
  "model": "payroll.deduction",
  "pk": "95d44dc5-32be-42cd-8286-45373b93f532",
  "fields": {
    "created_at": "2026-06-26T19:04:27.415Z",
    "updated_at": "2026-06-26T19:04:27.415Z",
    "is_active": true,
    "created_by": null,
    "employee": "9253dfa8-7f92-42ed-a52e-c4b7bc8cc6cb",
    "farm": "1359a817-9ea7-4c67-9355-af8eb5ef462f",
    "deduction_type": "PF",
    "amount": "1000.00",
    "date": "2026-06-27",
    "notes": ""
  }
},
{
  "model": "payroll.deduction",
  "pk": "fb7e078b-f394-4633-b1f1-69cb3b02b68c",
  "fields": {
    "created_at": "2026-06-26T18:40:24.518Z",
    "updated_at": "2026-06-26T18:40:24.518Z",
    "is_active": true,
    "created_by": null,
    "employee": "e0ce7859-4926-4a92-98b7-c7b57c3ff13b",
    "farm": "1359a817-9ea7-4c67-9355-af8eb5ef462f",
    "deduction_type": "PF",
    "amount": "1000.00",
    "date": "2026-06-27",
    "notes": ""
  }
},
{
  "model": "payroll.payslip",
  "pk": "00b0cf12-a682-45ad-8e14-c0b2d02290fe",
  "fields": {
    "created_at": "2026-06-26T20:07:53.919Z",
    "updated_at": "2026-06-26T20:12:28.281Z",
    "is_active": true,
    "created_by": "ef56c7a6-b735-42ca-8b84-25f327f9a8d6",
    "employee": "2a75ac44-0af0-41ee-a39b-9eb465d4d806",
    "period": "a2b350c3-eac1-42c9-8b70-7d869becf03d",
    "farm": "c1abee3a-865e-4d4c-837a-44eb4d4f552a",
    "days_worked": "0.00",
    "overtime_hours": "0.00",
    "gross_wage": "0.00",
    "overtime_amount": "0.00",
    "incentive_amount": "0.00",
    "advance_deduction": "0.00",
    "other_deductions": "0.00",
    "net_pay": "0.00",
    "half_paid": "0.00",
    "status": "DRAFT"
  }
},
{
  "model": "payroll.payslip",
  "pk": "0180c7e2-d8fc-4eec-a8df-d304e8271e0b",
  "fields": {
    "created_at": "2026-06-26T20:07:53.929Z",
    "updated_at": "2026-06-26T20:12:28.290Z",
    "is_active": true,
    "created_by": "ef56c7a6-b735-42ca-8b84-25f327f9a8d6",
    "employee": "2de0c5c7-54cd-4d0d-9cc5-9e83e14e6ca2",
    "period": "a2b350c3-eac1-42c9-8b70-7d869becf03d",
    "farm": "c1abee3a-865e-4d4c-837a-44eb4d4f552a",
    "days_worked": "0.00",
    "overtime_hours": "0.00",
    "gross_wage": "0.00",
    "overtime_amount": "0.00",
    "incentive_amount": "0.00",
    "advance_deduction": "0.00",
    "other_deductions": "0.00",
    "net_pay": "0.00",
    "half_paid": "0.00",
    "status": "DRAFT"
  }
},
{
  "model": "payroll.payslip",
  "pk": "07fc4dba-c6bb-4818-adbe-79cc58acab37",
  "fields": {
    "created_at": "2026-06-26T20:07:53.940Z",
    "updated_at": "2026-06-26T20:12:28.299Z",
    "is_active": true,
    "created_by": "ef56c7a6-b735-42ca-8b84-25f327f9a8d6",
    "employee": "429f93d7-cea3-4a98-b6c4-dacad87a4e8a",
    "period": "a2b350c3-eac1-42c9-8b70-7d869becf03d",
    "farm": "c1abee3a-865e-4d4c-837a-44eb4d4f552a",
    "days_worked": "0.00",
    "overtime_hours": "0.00",
    "gross_wage": "0.00",
    "overtime_amount": "0.00",
    "incentive_amount": "0.00",
    "advance_deduction": "0.00",
    "other_deductions": "0.00",
    "net_pay": "0.00",
    "half_paid": "0.00",
    "status": "DRAFT"
  }
},
{
  "model": "payroll.payslip",
  "pk": "09fedcb3-e081-4c7a-b777-02c57f457e53",
  "fields": {
    "created_at": "2026-06-26T20:13:59.493Z",
    "updated_at": "2026-06-26T20:13:59.493Z",
    "is_active": true,
    "created_by": "ef56c7a6-b735-42ca-8b84-25f327f9a8d6",
    "employee": "2a75ac44-0af0-41ee-a39b-9eb465d4d806",
    "period": "c7295e9b-d58a-4cb6-8726-582d721c41ba",
    "farm": "c1abee3a-865e-4d4c-837a-44eb4d4f552a",
    "days_worked": "0.00",
    "overtime_hours": "0.00",
    "gross_wage": "0.00",
    "overtime_amount": "0.00",
    "incentive_amount": "0.00",
    "advance_deduction": "0.00",
    "other_deductions": "0.00",
    "net_pay": "0.00",
    "half_paid": "0.00",
    "status": "DRAFT"
  }
},
{
  "model": "payroll.payslip",
  "pk": "0f4bfec9-526e-4a6f-a458-d818804a6bbb",
  "fields": {
    "created_at": "2026-06-25T10:14:44.288Z",
    "updated_at": "2026-06-26T20:12:47.148Z",
    "is_active": true,
    "created_by": "ef56c7a6-b735-42ca-8b84-25f327f9a8d6",
    "employee": "34cc66c2-98f7-4acd-b13c-88be9f6a578c",
    "period": "57395e0a-40ef-4115-969b-fc30ad5c0a3a",
    "farm": "c1abee3a-865e-4d4c-837a-44eb4d4f552a",
    "days_worked": "1.00",
    "overtime_hours": "0.00",
    "gross_wage": "6000.00",
    "overtime_amount": "0.00",
    "incentive_amount": "1120.00",
    "advance_deduction": "0.00",
    "other_deductions": "0.00",
    "net_pay": "7120.00",
    "half_paid": "0.00",
    "status": "DRAFT"
  }
},
{
  "model": "payroll.payslip",
  "pk": "1b0853f0-3403-4092-82f8-c161c0df8f76",
  "fields": {
    "created_at": "2026-06-26T18:39:13.845Z",
    "updated_at": "2026-06-26T20:12:47.119Z",
    "is_active": true,
    "created_by": "ef56c7a6-b735-42ca-8b84-25f327f9a8d6",
    "employee": "9f231acb-85e3-4f67-ab5f-630f527d9b0c",
    "period": "57395e0a-40ef-4115-969b-fc30ad5c0a3a",
    "farm": "c1abee3a-865e-4d4c-837a-44eb4d4f552a",
    "days_worked": "1.00",
    "overtime_hours": "0.00",
    "gross_wage": "0.00",
    "overtime_amount": "0.00",
    "incentive_amount": "0.00",
    "advance_deduction": "0.00",
    "other_deductions": "0.00",
    "net_pay": "0.00",
    "half_paid": "0.00",
    "status": "DRAFT"
  }
},
{
  "model": "payroll.payslip",
  "pk": "1b8bfb2a-1372-4c5a-8890-7216cb854869",
  "fields": {
    "created_at": "2026-06-26T20:14:14.670Z",
    "updated_at": "2026-06-26T20:14:34.090Z",
    "is_active": true,
    "created_by": "ef56c7a6-b735-42ca-8b84-25f327f9a8d6",
    "employee": "07a51996-bcfd-45d6-8dfe-c1f6d87e51f8",
    "period": "c4daec21-a888-46ac-9fb8-0bb9fbde05ef",
    "farm": "c1abee3a-865e-4d4c-837a-44eb4d4f552a",
    "days_worked": "0.00",
    "overtime_hours": "0.00",
    "gross_wage": "0.00",
    "overtime_amount": "0.00",
    "incentive_amount": "0.00",
    "advance_deduction": "0.00",
    "other_deductions": "0.00",
    "net_pay": "0.00",
    "half_paid": "0.00",
    "status": "DRAFT"
  }
},
{
  "model": "payroll.payslip",
  "pk": "1e091942-c982-4efb-9b08-3ae33e0aa176",
  "fields": {
    "created_at": "2026-06-26T20:14:14.627Z",
    "updated_at": "2026-06-26T20:14:34.048Z",
    "is_active": true,
    "created_by": "ef56c7a6-b735-42ca-8b84-25f327f9a8d6",
    "employee": "2a75ac44-0af0-41ee-a39b-9eb465d4d806",
    "period": "c4daec21-a888-46ac-9fb8-0bb9fbde05ef",
    "farm": "c1abee3a-865e-4d4c-837a-44eb4d4f552a",
    "days_worked": "0.00",
    "overtime_hours": "0.00",
    "gross_wage": "0.00",
    "overtime_amount": "0.00",
    "incentive_amount": "0.00",
    "advance_deduction": "0.00",
    "other_deductions": "0.00",
    "net_pay": "0.00",
    "half_paid": "0.00",
    "status": "DRAFT"
  }
},
{
  "model": "payroll.payslip",
  "pk": "225f9b4c-0bd8-49aa-95b4-f94bf5cd7478",
  "fields": {
    "created_at": "2026-06-26T20:14:14.614Z",
    "updated_at": "2026-06-26T20:14:34.038Z",
    "is_active": true,
    "created_by": "ef56c7a6-b735-42ca-8b84-25f327f9a8d6",
    "employee": "98c3f253-6511-40e5-b1a8-fdcc52b875aa",
    "period": "c4daec21-a888-46ac-9fb8-0bb9fbde05ef",
    "farm": "c1abee3a-865e-4d4c-837a-44eb4d4f552a",
    "days_worked": "0.00",
    "overtime_hours": "0.00",
    "gross_wage": "20000.00",
    "overtime_amount": "0.00",
    "incentive_amount": "0.00",
    "advance_deduction": "0.00",
    "other_deductions": "0.00",
    "net_pay": "20000.00",
    "half_paid": "0.00",
    "status": "DRAFT"
  }
},
{
  "model": "payroll.payslip",
  "pk": "231b055a-7dcd-4e15-a989-54e0e82c7c11",
  "fields": {
    "created_at": "2026-06-26T20:07:54.019Z",
    "updated_at": "2026-06-26T20:12:28.349Z",
    "is_active": true,
    "created_by": "ef56c7a6-b735-42ca-8b84-25f327f9a8d6",
    "employee": "b1170d56-aeed-472e-8b5d-609cd4f17b5e",
    "period": "a2b350c3-eac1-42c9-8b70-7d869becf03d",
    "farm": "c1abee3a-865e-4d4c-837a-44eb4d4f552a",
    "days_worked": "0.00",
    "overtime_hours": "0.00",
    "gross_wage": "0.00",
    "overtime_amount": "0.00",
    "incentive_amount": "0.00",
    "advance_deduction": "0.00",
    "other_deductions": "0.00",
    "net_pay": "0.00",
    "half_paid": "0.00",
    "status": "DRAFT"
  }
},
{
  "model": "payroll.payslip",
  "pk": "45e9182b-0c52-4d2c-9b61-dfaa007d89bd",
  "fields": {
    "created_at": "2026-06-26T20:07:54.033Z",
    "updated_at": "2026-06-26T20:12:28.358Z",
    "is_active": true,
    "created_by": "ef56c7a6-b735-42ca-8b84-25f327f9a8d6",
    "employee": "34cc66c2-98f7-4acd-b13c-88be9f6a578c",
    "period": "a2b350c3-eac1-42c9-8b70-7d869becf03d",
    "farm": "c1abee3a-865e-4d4c-837a-44eb4d4f552a",
    "days_worked": "0.00",
    "overtime_hours": "0.00",
    "gross_wage": "6000.00",
    "overtime_amount": "0.00",
    "incentive_amount": "0.00",
    "advance_deduction": "0.00",
    "other_deductions": "0.00",
    "net_pay": "6000.00",
    "half_paid": "0.00",
    "status": "DRAFT"
  }
},
{
  "model": "payroll.payslip",
  "pk": "4815e786-3055-4b72-b09e-e62f5a7468bb",
  "fields": {
    "created_at": "2026-06-26T19:23:35.229Z",
    "updated_at": "2026-06-26T19:23:35.229Z",
    "is_active": true,
    "created_by": "ef56c7a6-b735-42ca-8b84-25f327f9a8d6",
    "employee": "8ae04daf-bb14-4f10-be13-f1c0bc91d788",
    "period": "c73be184-af58-418a-a2fc-9eb2585ddf7b",
    "farm": "61f13c11-d266-47d0-a4da-85b32c4ced3d",
    "days_worked": "0.00",
    "overtime_hours": "0.00",
    "gross_wage": "300000.00",
    "overtime_amount": "0.00",
    "incentive_amount": "0.00",
    "advance_deduction": "10000.00",
    "other_deductions": "0.00",
    "net_pay": "290000.00",
    "half_paid": "0.00",
    "status": "DRAFT"
  }
},
{
  "model": "payroll.payslip",
  "pk": "4cb94628-51b5-4573-bbe4-4a197f6dfab2",
  "fields": {
    "created_at": "2026-06-26T18:39:13.826Z",
    "updated_at": "2026-06-26T20:12:47.099Z",
    "is_active": true,
    "created_by": "ef56c7a6-b735-42ca-8b84-25f327f9a8d6",
    "employee": "07a51996-bcfd-45d6-8dfe-c1f6d87e51f8",
    "period": "57395e0a-40ef-4115-969b-fc30ad5c0a3a",
    "farm": "c1abee3a-865e-4d4c-837a-44eb4d4f552a",
    "days_worked": "1.00",
    "overtime_hours": "0.00",
    "gross_wage": "0.00",
    "overtime_amount": "0.00",
    "incentive_amount": "0.00",
    "advance_deduction": "0.00",
    "other_deductions": "0.00",
    "net_pay": "0.00",
    "half_paid": "0.00",
    "status": "DRAFT"
  }
},
{
  "model": "payroll.payslip",
  "pk": "4fdac8ba-7e1d-4e25-aa87-e1a86382219c",
  "fields": {
    "created_at": "2026-06-23T18:17:56.380Z",
    "updated_at": "2026-06-26T20:12:47.109Z",
    "is_active": true,
    "created_by": "ef56c7a6-b735-42ca-8b84-25f327f9a8d6",
    "employee": "14d176e7-375b-42ce-8cf5-9b2bc0e049ef",
    "period": "57395e0a-40ef-4115-969b-fc30ad5c0a3a",
    "farm": "c1abee3a-865e-4d4c-837a-44eb4d4f552a",
    "days_worked": "1.00",
    "overtime_hours": "0.00",
    "gross_wage": "4322.00",
    "overtime_amount": "0.00",
    "incentive_amount": "0.00",
    "advance_deduction": "4322.00",
    "other_deductions": "0.00",
    "net_pay": "0.00",
    "half_paid": "0.00",
    "status": "DRAFT"
  }
},
{
  "model": "payroll.payslip",
  "pk": "5c377891-3034-4bb6-8a0e-c89dd6e7ad1c",
  "fields": {
    "created_at": "2026-06-26T20:07:53.966Z",
    "updated_at": "2026-06-26T20:12:28.317Z",
    "is_active": true,
    "created_by": "ef56c7a6-b735-42ca-8b84-25f327f9a8d6",
    "employee": "07a51996-bcfd-45d6-8dfe-c1f6d87e51f8",
    "period": "a2b350c3-eac1-42c9-8b70-7d869becf03d",
    "farm": "c1abee3a-865e-4d4c-837a-44eb4d4f552a",
    "days_worked": "0.00",
    "overtime_hours": "0.00",
    "gross_wage": "0.00",
    "overtime_amount": "0.00",
    "incentive_amount": "0.00",
    "advance_deduction": "0.00",
    "other_deductions": "0.00",
    "net_pay": "0.00",
    "half_paid": "0.00",
    "status": "DRAFT"
  }
},
{
  "model": "payroll.payslip",
  "pk": "5d908a47-4ad1-46a4-a55f-8d80ce68906f",
  "fields": {
    "created_at": "2026-06-26T20:13:59.567Z",
    "updated_at": "2026-06-26T20:13:59.567Z",
    "is_active": true,
    "created_by": "ef56c7a6-b735-42ca-8b84-25f327f9a8d6",
    "employee": "9f231acb-85e3-4f67-ab5f-630f527d9b0c",
    "period": "c7295e9b-d58a-4cb6-8726-582d721c41ba",
    "farm": "c1abee3a-865e-4d4c-837a-44eb4d4f552a",
    "days_worked": "0.00",
    "overtime_hours": "0.00",
    "gross_wage": "0.00",
    "overtime_amount": "0.00",
    "incentive_amount": "0.00",
    "advance_deduction": "0.00",
    "other_deductions": "0.00",
    "net_pay": "0.00",
    "half_paid": "0.00",
    "status": "DRAFT"
  }
},
{
  "model": "payroll.payslip",
  "pk": "61d70a05-a296-45d4-b0d1-af2aba0ce13e",
  "fields": {
    "created_at": "2026-06-22T07:45:02.722Z",
    "updated_at": "2026-06-24T17:10:24.114Z",
    "is_active": true,
    "created_by": null,
    "employee": "9e00b64b-d175-429f-b9ce-855acdbf9d2c",
    "period": "57395e0a-40ef-4115-969b-fc30ad5c0a3a",
    "farm": "c1abee3a-865e-4d4c-837a-44eb4d4f552a",
    "days_worked": "1.00",
    "overtime_hours": "0.00",
    "gross_wage": "50000.00",
    "overtime_amount": "0.00",
    "incentive_amount": "0.00",
    "advance_deduction": "0.00",
    "other_deductions": "0.00",
    "net_pay": "50000.00",
    "half_paid": "0.00",
    "status": "DRAFT"
  }
},
{
  "model": "payroll.payslip",
  "pk": "69228846-cc4d-4efd-8ce0-a545e940cb07",
  "fields": {
    "created_at": "2026-06-26T20:13:59.520Z",
    "updated_at": "2026-06-26T20:13:59.520Z",
    "is_active": true,
    "created_by": "ef56c7a6-b735-42ca-8b84-25f327f9a8d6",
    "employee": "429f93d7-cea3-4a98-b6c4-dacad87a4e8a",
    "period": "c7295e9b-d58a-4cb6-8726-582d721c41ba",
    "farm": "c1abee3a-865e-4d4c-837a-44eb4d4f552a",
    "days_worked": "0.00",
    "overtime_hours": "0.00",
    "gross_wage": "0.00",
    "overtime_amount": "0.00",
    "incentive_amount": "0.00",
    "advance_deduction": "0.00",
    "other_deductions": "0.00",
    "net_pay": "0.00",
    "half_paid": "0.00",
    "status": "DRAFT"
  }
},
{
  "model": "payroll.payslip",
  "pk": "6e07c8e0-84d4-43e8-953b-59478db5b184",
  "fields": {
    "created_at": "2026-06-25T09:22:30.045Z",
    "updated_at": "2026-06-26T18:39:23.717Z",
    "is_active": true,
    "created_by": "ef56c7a6-b735-42ca-8b84-25f327f9a8d6",
    "employee": "9e00b64b-d175-429f-b9ce-855acdbf9d2c",
    "period": "78349a01-7320-4c96-8384-05328a5633db",
    "farm": "1359a817-9ea7-4c67-9355-af8eb5ef462f",
    "days_worked": "0.00",
    "overtime_hours": "0.00",
    "gross_wage": "50000.00",
    "overtime_amount": "0.00",
    "incentive_amount": "0.00",
    "advance_deduction": "5000.00",
    "other_deductions": "0.00",
    "net_pay": "45000.00",
    "half_paid": "0.00",
    "status": "DRAFT"
  }
},
{
  "model": "payroll.payslip",
  "pk": "73208c20-dfc8-4a65-a007-b6d96353814d",
  "fields": {
    "created_at": "2026-06-26T20:07:54.005Z",
    "updated_at": "2026-06-26T20:12:28.341Z",
    "is_active": true,
    "created_by": "ef56c7a6-b735-42ca-8b84-25f327f9a8d6",
    "employee": "222ddc25-d419-4264-98e1-4ca8105d7387",
    "period": "a2b350c3-eac1-42c9-8b70-7d869becf03d",
    "farm": "c1abee3a-865e-4d4c-837a-44eb4d4f552a",
    "days_worked": "0.00",
    "overtime_hours": "0.00",
    "gross_wage": "0.00",
    "overtime_amount": "0.00",
    "incentive_amount": "0.00",
    "advance_deduction": "0.00",
    "other_deductions": "0.00",
    "net_pay": "0.00",
    "half_paid": "0.00",
    "status": "DRAFT"
  }
},
{
  "model": "payroll.payslip",
  "pk": "76f5a7dc-e576-4a0a-a9e1-00ba7243a032",
  "fields": {
    "created_at": "2026-06-26T20:13:59.542Z",
    "updated_at": "2026-06-26T20:13:59.542Z",
    "is_active": true,
    "created_by": "ef56c7a6-b735-42ca-8b84-25f327f9a8d6",
    "employee": "07a51996-bcfd-45d6-8dfe-c1f6d87e51f8",
    "period": "c7295e9b-d58a-4cb6-8726-582d721c41ba",
    "farm": "c1abee3a-865e-4d4c-837a-44eb4d4f552a",
    "days_worked": "0.00",
    "overtime_hours": "0.00",
    "gross_wage": "0.00",
    "overtime_amount": "0.00",
    "incentive_amount": "0.00",
    "advance_deduction": "0.00",
    "other_deductions": "0.00",
    "net_pay": "0.00",
    "half_paid": "0.00",
    "status": "DRAFT"
  }
},
{
  "model": "payroll.payslip",
  "pk": "7c5a2c39-f6c0-48d7-8947-4b701ebbc155",
  "fields": {
    "created_at": "2026-06-26T20:13:59.509Z",
    "updated_at": "2026-06-26T20:13:59.509Z",
    "is_active": true,
    "created_by": "ef56c7a6-b735-42ca-8b84-25f327f9a8d6",
    "employee": "2de0c5c7-54cd-4d0d-9cc5-9e83e14e6ca2",
    "period": "c7295e9b-d58a-4cb6-8726-582d721c41ba",
    "farm": "c1abee3a-865e-4d4c-837a-44eb4d4f552a",
    "days_worked": "0.00",
    "overtime_hours": "0.00",
    "gross_wage": "0.00",
    "overtime_amount": "0.00",
    "incentive_amount": "0.00",
    "advance_deduction": "0.00",
    "other_deductions": "0.00",
    "net_pay": "0.00",
    "half_paid": "0.00",
    "status": "DRAFT"
  }
},
{
  "model": "payroll.payslip",
  "pk": "8187fb3b-4643-4628-b662-cd98bb5cc82e",
  "fields": {
    "created_at": "2026-06-26T20:13:59.577Z",
    "updated_at": "2026-06-26T20:13:59.577Z",
    "is_active": true,
    "created_by": "ef56c7a6-b735-42ca-8b84-25f327f9a8d6",
    "employee": "222ddc25-d419-4264-98e1-4ca8105d7387",
    "period": "c7295e9b-d58a-4cb6-8726-582d721c41ba",
    "farm": "c1abee3a-865e-4d4c-837a-44eb4d4f552a",
    "days_worked": "0.00",
    "overtime_hours": "0.00",
    "gross_wage": "0.00",
    "overtime_amount": "0.00",
    "incentive_amount": "0.00",
    "advance_deduction": "0.00",
    "other_deductions": "0.00",
    "net_pay": "0.00",
    "half_paid": "0.00",
    "status": "DRAFT"
  }
},
{
  "model": "payroll.payslip",
  "pk": "83219706-5d17-458c-a5f5-f975ad3d9da6",
  "fields": {
    "created_at": "2026-06-23T18:17:55.994Z",
    "updated_at": "2026-06-26T20:12:47.060Z",
    "is_active": true,
    "created_by": "ef56c7a6-b735-42ca-8b84-25f327f9a8d6",
    "employee": "2a75ac44-0af0-41ee-a39b-9eb465d4d806",
    "period": "57395e0a-40ef-4115-969b-fc30ad5c0a3a",
    "farm": "c1abee3a-865e-4d4c-837a-44eb4d4f552a",
    "days_worked": "1.00",
    "overtime_hours": "0.00",
    "gross_wage": "450.00",
    "overtime_amount": "0.00",
    "incentive_amount": "0.00",
    "advance_deduction": "0.00",
    "other_deductions": "0.00",
    "net_pay": "450.00",
    "half_paid": "0.00",
    "status": "DRAFT"
  }
},
{
  "model": "payroll.payslip",
  "pk": "8c03bf23-9afe-40de-97a5-a0ca322fa869",
  "fields": {
    "created_at": "2026-06-26T18:39:13.856Z",
    "updated_at": "2026-06-26T20:12:47.128Z",
    "is_active": true,
    "created_by": "ef56c7a6-b735-42ca-8b84-25f327f9a8d6",
    "employee": "222ddc25-d419-4264-98e1-4ca8105d7387",
    "period": "57395e0a-40ef-4115-969b-fc30ad5c0a3a",
    "farm": "c1abee3a-865e-4d4c-837a-44eb4d4f552a",
    "days_worked": "1.00",
    "overtime_hours": "0.00",
    "gross_wage": "0.00",
    "overtime_amount": "0.00",
    "incentive_amount": "0.00",
    "advance_deduction": "0.00",
    "other_deductions": "0.00",
    "net_pay": "0.00",
    "half_paid": "0.00",
    "status": "DRAFT"
  }
},
{
  "model": "payroll.payslip",
  "pk": "93e95cf4-fa37-4898-b138-35809183cc1d",
  "fields": {
    "created_at": "2026-06-25T09:22:30.111Z",
    "updated_at": "2026-06-26T19:14:24.703Z",
    "is_active": true,
    "created_by": "ef56c7a6-b735-42ca-8b84-25f327f9a8d6",
    "employee": "9253dfa8-7f92-42ed-a52e-c4b7bc8cc6cb",
    "period": "78349a01-7320-4c96-8384-05328a5633db",
    "farm": "1359a817-9ea7-4c67-9355-af8eb5ef462f",
    "days_worked": "0.00",
    "overtime_hours": "0.00",
    "gross_wage": "20000.00",
    "overtime_amount": "0.00",
    "incentive_amount": "0.00",
    "advance_deduction": "12000.00",
    "other_deductions": "4000.00",
    "net_pay": "4000.00",
    "half_paid": "0.00",
    "status": "PAID"
  }
},
{
  "model": "payroll.payslip",
  "pk": "9a05b8c1-ddf7-499b-8e08-e4db46cadbbc",
  "fields": {
    "created_at": "2026-06-26T20:14:14.635Z",
    "updated_at": "2026-06-26T20:14:34.058Z",
    "is_active": true,
    "created_by": "ef56c7a6-b735-42ca-8b84-25f327f9a8d6",
    "employee": "2de0c5c7-54cd-4d0d-9cc5-9e83e14e6ca2",
    "period": "c4daec21-a888-46ac-9fb8-0bb9fbde05ef",
    "farm": "c1abee3a-865e-4d4c-837a-44eb4d4f552a",
    "days_worked": "0.00",
    "overtime_hours": "0.00",
    "gross_wage": "0.00",
    "overtime_amount": "0.00",
    "incentive_amount": "0.00",
    "advance_deduction": "0.00",
    "other_deductions": "0.00",
    "net_pay": "0.00",
    "half_paid": "0.00",
    "status": "DRAFT"
  }
},
{
  "model": "payroll.payslip",
  "pk": "9cf7f69f-f31a-4275-973e-12eb26b7ab82",
  "fields": {
    "created_at": "2026-06-26T20:07:53.952Z",
    "updated_at": "2026-06-26T20:12:28.309Z",
    "is_active": true,
    "created_by": "ef56c7a6-b735-42ca-8b84-25f327f9a8d6",
    "employee": "71a0ce91-febd-4dca-bcf2-5663647c1186",
    "period": "a2b350c3-eac1-42c9-8b70-7d869becf03d",
    "farm": "c1abee3a-865e-4d4c-837a-44eb4d4f552a",
    "days_worked": "0.00",
    "overtime_hours": "0.00",
    "gross_wage": "0.00",
    "overtime_amount": "0.00",
    "incentive_amount": "0.00",
    "advance_deduction": "0.00",
    "other_deductions": "0.00",
    "net_pay": "0.00",
    "half_paid": "0.00",
    "status": "DRAFT"
  }
},
{
  "model": "payroll.payslip",
  "pk": "9d6eac40-16b5-410b-ad0f-e45cb04df056",
  "fields": {
    "created_at": "2026-06-26T20:14:14.658Z",
    "updated_at": "2026-06-26T20:14:34.080Z",
    "is_active": true,
    "created_by": "ef56c7a6-b735-42ca-8b84-25f327f9a8d6",
    "employee": "71a0ce91-febd-4dca-bcf2-5663647c1186",
    "period": "c4daec21-a888-46ac-9fb8-0bb9fbde05ef",
    "farm": "c1abee3a-865e-4d4c-837a-44eb4d4f552a",
    "days_worked": "0.00",
    "overtime_hours": "0.00",
    "gross_wage": "0.00",
    "overtime_amount": "0.00",
    "incentive_amount": "0.00",
    "advance_deduction": "0.00",
    "other_deductions": "0.00",
    "net_pay": "0.00",
    "half_paid": "0.00",
    "status": "DRAFT"
  }
},
{
  "model": "payroll.payslip",
  "pk": "a8b8ecbc-acd5-4728-ae0a-6e7ab5ed29ca",
  "fields": {
    "created_at": "2026-06-26T20:14:14.693Z",
    "updated_at": "2026-06-26T20:14:34.113Z",
    "is_active": true,
    "created_by": "ef56c7a6-b735-42ca-8b84-25f327f9a8d6",
    "employee": "9f231acb-85e3-4f67-ab5f-630f527d9b0c",
    "period": "c4daec21-a888-46ac-9fb8-0bb9fbde05ef",
    "farm": "c1abee3a-865e-4d4c-837a-44eb4d4f552a",
    "days_worked": "0.00",
    "overtime_hours": "0.00",
    "gross_wage": "0.00",
    "overtime_amount": "0.00",
    "incentive_amount": "0.00",
    "advance_deduction": "0.00",
    "other_deductions": "0.00",
    "net_pay": "0.00",
    "half_paid": "0.00",
    "status": "DRAFT"
  }
},
{
  "model": "payroll.payslip",
  "pk": "a998214e-1f4a-4089-95ae-b5a471546583",
  "fields": {
    "created_at": "2026-06-25T09:22:30.269Z",
    "updated_at": "2026-06-26T18:30:45.354Z",
    "is_active": true,
    "created_by": null,
    "employee": "8ae04daf-bb14-4f10-be13-f1c0bc91d788",
    "period": "78349a01-7320-4c96-8384-05328a5633db",
    "farm": "1359a817-9ea7-4c67-9355-af8eb5ef462f",
    "days_worked": "0.00",
    "overtime_hours": "0.00",
    "gross_wage": "300000.00",
    "overtime_amount": "0.00",
    "incentive_amount": "1500.00",
    "advance_deduction": "0.00",
    "other_deductions": "0.00",
    "net_pay": "301500.00",
    "half_paid": "0.00",
    "status": "DRAFT"
  }
},
{
  "model": "payroll.payslip",
  "pk": "a9ee5ad4-c851-48ac-86ef-c334408536ee",
  "fields": {
    "created_at": "2026-06-26T20:14:14.716Z",
    "updated_at": "2026-06-26T20:14:34.135Z",
    "is_active": true,
    "created_by": "ef56c7a6-b735-42ca-8b84-25f327f9a8d6",
    "employee": "b1170d56-aeed-472e-8b5d-609cd4f17b5e",
    "period": "c4daec21-a888-46ac-9fb8-0bb9fbde05ef",
    "farm": "c1abee3a-865e-4d4c-837a-44eb4d4f552a",
    "days_worked": "0.00",
    "overtime_hours": "0.00",
    "gross_wage": "0.00",
    "overtime_amount": "0.00",
    "incentive_amount": "0.00",
    "advance_deduction": "0.00",
    "other_deductions": "0.00",
    "net_pay": "0.00",
    "half_paid": "0.00",
    "status": "DRAFT"
  }
},
{
  "model": "payroll.payslip",
  "pk": "ad599204-30c2-4dee-8f89-42043be75663",
  "fields": {
    "created_at": "2026-06-25T09:22:42.115Z",
    "updated_at": "2026-06-26T20:12:47.050Z",
    "is_active": true,
    "created_by": "ef56c7a6-b735-42ca-8b84-25f327f9a8d6",
    "employee": "98c3f253-6511-40e5-b1a8-fdcc52b875aa",
    "period": "57395e0a-40ef-4115-969b-fc30ad5c0a3a",
    "farm": "c1abee3a-865e-4d4c-837a-44eb4d4f552a",
    "days_worked": "1.00",
    "overtime_hours": "0.00",
    "gross_wage": "20000.00",
    "overtime_amount": "0.00",
    "incentive_amount": "0.00",
    "advance_deduction": "0.00",
    "other_deductions": "0.00",
    "net_pay": "20000.00",
    "half_paid": "0.00",
    "status": "DRAFT"
  }
},
{
  "model": "payroll.payslip",
  "pk": "ada3fae8-d540-4477-96b5-35d0f2c63ad5",
  "fields": {
    "created_at": "2026-06-26T20:13:59.531Z",
    "updated_at": "2026-06-26T20:13:59.531Z",
    "is_active": true,
    "created_by": "ef56c7a6-b735-42ca-8b84-25f327f9a8d6",
    "employee": "71a0ce91-febd-4dca-bcf2-5663647c1186",
    "period": "c7295e9b-d58a-4cb6-8726-582d721c41ba",
    "farm": "c1abee3a-865e-4d4c-837a-44eb4d4f552a",
    "days_worked": "0.00",
    "overtime_hours": "0.00",
    "gross_wage": "0.00",
    "overtime_amount": "0.00",
    "incentive_amount": "0.00",
    "advance_deduction": "0.00",
    "other_deductions": "0.00",
    "net_pay": "0.00",
    "half_paid": "0.00",
    "status": "DRAFT"
  }
},
{
  "model": "payroll.payslip",
  "pk": "ae1f6dd1-18ee-42de-8ddd-70b94720d456",
  "fields": {
    "created_at": "2026-06-26T20:07:53.992Z",
    "updated_at": "2026-06-26T20:12:28.333Z",
    "is_active": true,
    "created_by": "ef56c7a6-b735-42ca-8b84-25f327f9a8d6",
    "employee": "9f231acb-85e3-4f67-ab5f-630f527d9b0c",
    "period": "a2b350c3-eac1-42c9-8b70-7d869becf03d",
    "farm": "c1abee3a-865e-4d4c-837a-44eb4d4f552a",
    "days_worked": "0.00",
    "overtime_hours": "0.00",
    "gross_wage": "0.00",
    "overtime_amount": "0.00",
    "incentive_amount": "0.00",
    "advance_deduction": "0.00",
    "other_deductions": "0.00",
    "net_pay": "0.00",
    "half_paid": "0.00",
    "status": "DRAFT"
  }
},
{
  "model": "payroll.payslip",
  "pk": "ae37058a-38e0-4c7e-b20e-9d69cf030fe8",
  "fields": {
    "created_at": "2026-06-26T20:13:59.482Z",
    "updated_at": "2026-06-26T20:13:59.482Z",
    "is_active": true,
    "created_by": "ef56c7a6-b735-42ca-8b84-25f327f9a8d6",
    "employee": "98c3f253-6511-40e5-b1a8-fdcc52b875aa",
    "period": "c7295e9b-d58a-4cb6-8726-582d721c41ba",
    "farm": "c1abee3a-865e-4d4c-837a-44eb4d4f552a",
    "days_worked": "0.00",
    "overtime_hours": "0.00",
    "gross_wage": "20000.00",
    "overtime_amount": "0.00",
    "incentive_amount": "0.00",
    "advance_deduction": "0.00",
    "other_deductions": "0.00",
    "net_pay": "20000.00",
    "half_paid": "0.00",
    "status": "DRAFT"
  }
},
{
  "model": "payroll.payslip",
  "pk": "b56c17cd-45c8-4249-b865-576658c4e452",
  "fields": {
    "created_at": "2026-06-22T07:45:02.473Z",
    "updated_at": "2026-06-24T17:10:24.062Z",
    "is_active": true,
    "created_by": null,
    "employee": "b012d422-94c2-4182-88d5-5d3bcf538379",
    "period": "57395e0a-40ef-4115-969b-fc30ad5c0a3a",
    "farm": "c1abee3a-865e-4d4c-837a-44eb4d4f552a",
    "days_worked": "1.00",
    "overtime_hours": "0.00",
    "gross_wage": "112.00",
    "overtime_amount": "0.00",
    "incentive_amount": "12000.00",
    "advance_deduction": "1200.00",
    "other_deductions": "0.00",
    "net_pay": "10912.00",
    "half_paid": "0.00",
    "status": "DRAFT"
  }
},
{
  "model": "payroll.payslip",
  "pk": "b6438f72-d8cc-433d-969b-1fa1b2a4ee28",
  "fields": {
    "created_at": "2026-06-25T09:22:29.906Z",
    "updated_at": "2026-06-26T18:39:23.707Z",
    "is_active": true,
    "created_by": "ef56c7a6-b735-42ca-8b84-25f327f9a8d6",
    "employee": "b012d422-94c2-4182-88d5-5d3bcf538379",
    "period": "78349a01-7320-4c96-8384-05328a5633db",
    "farm": "1359a817-9ea7-4c67-9355-af8eb5ef462f",
    "days_worked": "0.00",
    "overtime_hours": "0.00",
    "gross_wage": "1200.00",
    "overtime_amount": "0.00",
    "incentive_amount": "0.00",
    "advance_deduction": "0.00",
    "other_deductions": "0.00",
    "net_pay": "1200.00",
    "half_paid": "0.00",
    "status": "DRAFT"
  }
},
{
  "model": "payroll.payslip",
  "pk": "be1036e0-439d-412e-aae2-29ab65e5eb47",
  "fields": {
    "created_at": "2026-06-25T09:22:30.167Z",
    "updated_at": "2026-06-26T18:54:08.991Z",
    "is_active": true,
    "created_by": "ef56c7a6-b735-42ca-8b84-25f327f9a8d6",
    "employee": "e0ce7859-4926-4a92-98b7-c7b57c3ff13b",
    "period": "78349a01-7320-4c96-8384-05328a5633db",
    "farm": "1359a817-9ea7-4c67-9355-af8eb5ef462f",
    "days_worked": "0.00",
    "overtime_hours": "0.00",
    "gross_wage": "10000.00",
    "overtime_amount": "0.00",
    "incentive_amount": "0.00",
    "advance_deduction": "1000.00",
    "other_deductions": "1000.00",
    "net_pay": "8000.00",
    "half_paid": "0.00",
    "status": "PAID"
  }
},
{
  "model": "payroll.payslip",
  "pk": "c35fbd21-d817-47f5-8793-27eaff71020f",
  "fields": {
    "created_at": "2026-06-22T07:45:02.527Z",
    "updated_at": "2026-06-26T20:12:47.080Z",
    "is_active": true,
    "created_by": "ef56c7a6-b735-42ca-8b84-25f327f9a8d6",
    "employee": "429f93d7-cea3-4a98-b6c4-dacad87a4e8a",
    "period": "57395e0a-40ef-4115-969b-fc30ad5c0a3a",
    "farm": "c1abee3a-865e-4d4c-837a-44eb4d4f552a",
    "days_worked": "1.00",
    "overtime_hours": "0.00",
    "gross_wage": "0.00",
    "overtime_amount": "0.00",
    "incentive_amount": "0.00",
    "advance_deduction": "0.00",
    "other_deductions": "0.00",
    "net_pay": "0.00",
    "half_paid": "0.00",
    "status": "DRAFT"
  }
},
{
  "model": "payroll.payslip",
  "pk": "c60047bd-c0e3-48ff-9beb-badcb0a5098a",
  "fields": {
    "created_at": "2026-06-26T20:07:53.906Z",
    "updated_at": "2026-06-26T20:12:28.270Z",
    "is_active": true,
    "created_by": "ef56c7a6-b735-42ca-8b84-25f327f9a8d6",
    "employee": "98c3f253-6511-40e5-b1a8-fdcc52b875aa",
    "period": "a2b350c3-eac1-42c9-8b70-7d869becf03d",
    "farm": "c1abee3a-865e-4d4c-837a-44eb4d4f552a",
    "days_worked": "0.00",
    "overtime_hours": "0.00",
    "gross_wage": "20000.00",
    "overtime_amount": "0.00",
    "incentive_amount": "0.00",
    "advance_deduction": "0.00",
    "other_deductions": "0.00",
    "net_pay": "20000.00",
    "half_paid": "0.00",
    "status": "DRAFT"
  }
},
{
  "model": "payroll.payslip",
  "pk": "c78f5819-c8dc-40f1-bd5d-65d8bbf3dff5",
  "fields": {
    "created_at": "2026-06-26T20:13:59.588Z",
    "updated_at": "2026-06-26T20:13:59.588Z",
    "is_active": true,
    "created_by": "ef56c7a6-b735-42ca-8b84-25f327f9a8d6",
    "employee": "b1170d56-aeed-472e-8b5d-609cd4f17b5e",
    "period": "c7295e9b-d58a-4cb6-8726-582d721c41ba",
    "farm": "c1abee3a-865e-4d4c-837a-44eb4d4f552a",
    "days_worked": "0.00",
    "overtime_hours": "0.00",
    "gross_wage": "0.00",
    "overtime_amount": "0.00",
    "incentive_amount": "0.00",
    "advance_deduction": "0.00",
    "other_deductions": "0.00",
    "net_pay": "0.00",
    "half_paid": "0.00",
    "status": "DRAFT"
  }
},
{
  "model": "payroll.payslip",
  "pk": "cd90c5f7-cb76-45d8-b379-cdd49d4f6c87",
  "fields": {
    "created_at": "2026-06-24T08:16:59.187Z",
    "updated_at": "2026-06-24T17:10:27.158Z",
    "is_active": true,
    "created_by": null,
    "employee": "98c3f253-6511-40e5-b1a8-fdcc52b875aa",
    "period": "78349a01-7320-4c96-8384-05328a5633db",
    "farm": "1359a817-9ea7-4c67-9355-af8eb5ef462f",
    "days_worked": "0.00",
    "overtime_hours": "0.00",
    "gross_wage": "0.00",
    "overtime_amount": "0.00",
    "incentive_amount": "0.00",
    "advance_deduction": "0.00",
    "other_deductions": "0.00",
    "net_pay": "0.00",
    "half_paid": "0.00",
    "status": "DRAFT"
  }
},
{
  "model": "payroll.payslip",
  "pk": "d02d4007-a4f9-4d54-a5b5-28246edd9cf2",
  "fields": {
    "created_at": "2026-06-26T20:07:08.857Z",
    "updated_at": "2026-06-26T20:07:15.100Z",
    "is_active": true,
    "created_by": "ef56c7a6-b735-42ca-8b84-25f327f9a8d6",
    "employee": "5627dcda-f894-4a25-a270-562e78b106f3",
    "period": "aa91e9e7-b8b4-4f1b-ab9c-033aa058b4e5",
    "farm": "d9794d6b-9d7c-411e-95d9-2e4470f4b878",
    "days_worked": "0.00",
    "overtime_hours": "0.00",
    "gross_wage": "10000.00",
    "overtime_amount": "0.00",
    "incentive_amount": "0.00",
    "advance_deduction": "0.00",
    "other_deductions": "0.00",
    "net_pay": "10000.00",
    "half_paid": "0.00",
    "status": "DRAFT"
  }
},
{
  "model": "payroll.payslip",
  "pk": "d772d7c1-b571-4e7a-aedd-7983f352e0a3",
  "fields": {
    "created_at": "2026-06-26T20:14:14.704Z",
    "updated_at": "2026-06-26T20:14:34.124Z",
    "is_active": true,
    "created_by": "ef56c7a6-b735-42ca-8b84-25f327f9a8d6",
    "employee": "222ddc25-d419-4264-98e1-4ca8105d7387",
    "period": "c4daec21-a888-46ac-9fb8-0bb9fbde05ef",
    "farm": "c1abee3a-865e-4d4c-837a-44eb4d4f552a",
    "days_worked": "0.00",
    "overtime_hours": "0.00",
    "gross_wage": "0.00",
    "overtime_amount": "0.00",
    "incentive_amount": "0.00",
    "advance_deduction": "0.00",
    "other_deductions": "0.00",
    "net_pay": "0.00",
    "half_paid": "0.00",
    "status": "DRAFT"
  }
},
{
  "model": "payroll.payslip",
  "pk": "ddb212f7-4895-4859-89a1-5a18737b2508",
  "fields": {
    "created_at": "2026-06-22T07:45:02.625Z",
    "updated_at": "2026-06-26T20:12:47.089Z",
    "is_active": true,
    "created_by": "ef56c7a6-b735-42ca-8b84-25f327f9a8d6",
    "employee": "71a0ce91-febd-4dca-bcf2-5663647c1186",
    "period": "57395e0a-40ef-4115-969b-fc30ad5c0a3a",
    "farm": "c1abee3a-865e-4d4c-837a-44eb4d4f552a",
    "days_worked": "2.00",
    "overtime_hours": "0.00",
    "gross_wage": "0.00",
    "overtime_amount": "0.00",
    "incentive_amount": "0.00",
    "advance_deduction": "0.00",
    "other_deductions": "0.00",
    "net_pay": "0.00",
    "half_paid": "0.00",
    "status": "DRAFT"
  }
},
{
  "model": "payroll.payslip",
  "pk": "e294f35a-4f2c-4572-b76d-0fb0f3269236",
  "fields": {
    "created_at": "2026-06-26T20:07:53.980Z",
    "updated_at": "2026-06-26T20:12:28.324Z",
    "is_active": true,
    "created_by": "ef56c7a6-b735-42ca-8b84-25f327f9a8d6",
    "employee": "14d176e7-375b-42ce-8cf5-9b2bc0e049ef",
    "period": "a2b350c3-eac1-42c9-8b70-7d869becf03d",
    "farm": "c1abee3a-865e-4d4c-837a-44eb4d4f552a",
    "days_worked": "0.00",
    "overtime_hours": "0.00",
    "gross_wage": "4322.00",
    "overtime_amount": "0.00",
    "incentive_amount": "0.00",
    "advance_deduction": "4322.00",
    "other_deductions": "0.00",
    "net_pay": "0.00",
    "half_paid": "0.00",
    "status": "DRAFT"
  }
},
{
  "model": "payroll.payslip",
  "pk": "e4cce4cc-2e0b-48ca-b30c-8d62a82cff27",
  "fields": {
    "created_at": "2026-06-25T09:22:30.212Z",
    "updated_at": "2026-06-26T18:39:23.743Z",
    "is_active": true,
    "created_by": "ef56c7a6-b735-42ca-8b84-25f327f9a8d6",
    "employee": "3bbabcde-ebb5-4f55-8758-85102f12c85d",
    "period": "78349a01-7320-4c96-8384-05328a5633db",
    "farm": "1359a817-9ea7-4c67-9355-af8eb5ef462f",
    "days_worked": "0.00",
    "overtime_hours": "0.00",
    "gross_wage": "30000.00",
    "overtime_amount": "0.00",
    "incentive_amount": "0.00",
    "advance_deduction": "12000.00",
    "other_deductions": "0.00",
    "net_pay": "18000.00",
    "half_paid": "0.00",
    "status": "DRAFT"
  }
},
{
  "model": "payroll.payslip",
  "pk": "e7f258aa-960b-4b59-a219-6fea80b65df5",
  "fields": {
    "created_at": "2026-06-26T20:13:59.602Z",
    "updated_at": "2026-06-26T20:13:59.602Z",
    "is_active": true,
    "created_by": "ef56c7a6-b735-42ca-8b84-25f327f9a8d6",
    "employee": "34cc66c2-98f7-4acd-b13c-88be9f6a578c",
    "period": "c7295e9b-d58a-4cb6-8726-582d721c41ba",
    "farm": "c1abee3a-865e-4d4c-837a-44eb4d4f552a",
    "days_worked": "0.00",
    "overtime_hours": "0.00",
    "gross_wage": "6000.00",
    "overtime_amount": "0.00",
    "incentive_amount": "0.00",
    "advance_deduction": "0.00",
    "other_deductions": "0.00",
    "net_pay": "6000.00",
    "half_paid": "0.00",
    "status": "DRAFT"
  }
},
{
  "model": "payroll.payslip",
  "pk": "f08e070b-5fe4-4efd-bdc7-76b21661ed1e",
  "fields": {
    "created_at": "2026-06-25T09:22:42.428Z",
    "updated_at": "2026-06-26T20:12:47.138Z",
    "is_active": true,
    "created_by": "ef56c7a6-b735-42ca-8b84-25f327f9a8d6",
    "employee": "b1170d56-aeed-472e-8b5d-609cd4f17b5e",
    "period": "57395e0a-40ef-4115-969b-fc30ad5c0a3a",
    "farm": "c1abee3a-865e-4d4c-837a-44eb4d4f552a",
    "days_worked": "1.00",
    "overtime_hours": "0.00",
    "gross_wage": "0.00",
    "overtime_amount": "0.00",
    "incentive_amount": "0.00",
    "advance_deduction": "0.00",
    "other_deductions": "0.00",
    "net_pay": "0.00",
    "half_paid": "0.00",
    "status": "DRAFT"
  }
},
{
  "model": "payroll.payslip",
  "pk": "f1913f61-c14d-4491-b510-894fbfb25ad9",
  "fields": {
    "created_at": "2026-06-26T20:14:14.647Z",
    "updated_at": "2026-06-26T20:14:34.069Z",
    "is_active": true,
    "created_by": "ef56c7a6-b735-42ca-8b84-25f327f9a8d6",
    "employee": "429f93d7-cea3-4a98-b6c4-dacad87a4e8a",
    "period": "c4daec21-a888-46ac-9fb8-0bb9fbde05ef",
    "farm": "c1abee3a-865e-4d4c-837a-44eb4d4f552a",
    "days_worked": "0.00",
    "overtime_hours": "0.00",
    "gross_wage": "0.00",
    "overtime_amount": "0.00",
    "incentive_amount": "0.00",
    "advance_deduction": "0.00",
    "other_deductions": "0.00",
    "net_pay": "0.00",
    "half_paid": "0.00",
    "status": "DRAFT"
  }
},
{
  "model": "payroll.payslip",
  "pk": "f273feff-9427-4bbe-8fef-bef9b4583034",
  "fields": {
    "created_at": "2026-06-26T20:13:59.555Z",
    "updated_at": "2026-06-26T20:13:59.555Z",
    "is_active": true,
    "created_by": "ef56c7a6-b735-42ca-8b84-25f327f9a8d6",
    "employee": "14d176e7-375b-42ce-8cf5-9b2bc0e049ef",
    "period": "c7295e9b-d58a-4cb6-8726-582d721c41ba",
    "farm": "c1abee3a-865e-4d4c-837a-44eb4d4f552a",
    "days_worked": "0.00",
    "overtime_hours": "0.00",
    "gross_wage": "4322.00",
    "overtime_amount": "0.00",
    "incentive_amount": "0.00",
    "advance_deduction": "4322.00",
    "other_deductions": "0.00",
    "net_pay": "0.00",
    "half_paid": "0.00",
    "status": "DRAFT"
  }
},
{
  "model": "payroll.payslip",
  "pk": "f5d2be92-736c-4efd-9e48-3855d8df2390",
  "fields": {
    "created_at": "2026-06-22T07:45:02.422Z",
    "updated_at": "2026-06-26T20:12:47.070Z",
    "is_active": true,
    "created_by": "ef56c7a6-b735-42ca-8b84-25f327f9a8d6",
    "employee": "2de0c5c7-54cd-4d0d-9cc5-9e83e14e6ca2",
    "period": "57395e0a-40ef-4115-969b-fc30ad5c0a3a",
    "farm": "c1abee3a-865e-4d4c-837a-44eb4d4f552a",
    "days_worked": "1.00",
    "overtime_hours": "0.00",
    "gross_wage": "0.00",
    "overtime_amount": "0.00",
    "incentive_amount": "0.00",
    "advance_deduction": "0.00",
    "other_deductions": "0.00",
    "net_pay": "0.00",
    "half_paid": "0.00",
    "status": "DRAFT"
  }
},
{
  "model": "payroll.payslip",
  "pk": "f875f2a4-9a9e-4ee6-85f1-ca5778c7620a",
  "fields": {
    "created_at": "2026-06-26T20:14:14.730Z",
    "updated_at": "2026-06-26T20:14:34.146Z",
    "is_active": true,
    "created_by": "ef56c7a6-b735-42ca-8b84-25f327f9a8d6",
    "employee": "34cc66c2-98f7-4acd-b13c-88be9f6a578c",
    "period": "c4daec21-a888-46ac-9fb8-0bb9fbde05ef",
    "farm": "c1abee3a-865e-4d4c-837a-44eb4d4f552a",
    "days_worked": "0.00",
    "overtime_hours": "0.00",
    "gross_wage": "6000.00",
    "overtime_amount": "0.00",
    "incentive_amount": "0.00",
    "advance_deduction": "0.00",
    "other_deductions": "0.00",
    "net_pay": "6000.00",
    "half_paid": "0.00",
    "status": "DRAFT"
  }
},
{
  "model": "payroll.payslip",
  "pk": "f95586c5-e268-469e-9e87-0414e584a478",
  "fields": {
    "created_at": "2026-06-26T19:23:35.241Z",
    "updated_at": "2026-06-26T19:57:43.271Z",
    "is_active": true,
    "created_by": "ef56c7a6-b735-42ca-8b84-25f327f9a8d6",
    "employee": "a69f7b98-f428-4227-b31b-bb3baaad80b9",
    "period": "c73be184-af58-418a-a2fc-9eb2585ddf7b",
    "farm": "61f13c11-d266-47d0-a4da-85b32c4ced3d",
    "days_worked": "0.00",
    "overtime_hours": "0.00",
    "gross_wage": "10000.00",
    "overtime_amount": "0.00",
    "incentive_amount": "0.00",
    "advance_deduction": "1200.00",
    "other_deductions": "0.00",
    "net_pay": "8800.00",
    "half_paid": "800.00",
    "status": "PAID"
  }
},
{
  "model": "payroll.payslip",
  "pk": "ff874688-6ce3-45a4-b771-678c85cb3089",
  "fields": {
    "created_at": "2026-06-26T20:14:14.683Z",
    "updated_at": "2026-06-26T20:14:34.102Z",
    "is_active": true,
    "created_by": "ef56c7a6-b735-42ca-8b84-25f327f9a8d6",
    "employee": "14d176e7-375b-42ce-8cf5-9b2bc0e049ef",
    "period": "c4daec21-a888-46ac-9fb8-0bb9fbde05ef",
    "farm": "c1abee3a-865e-4d4c-837a-44eb4d4f552a",
    "days_worked": "0.00",
    "overtime_hours": "0.00",
    "gross_wage": "4322.00",
    "overtime_amount": "0.00",
    "incentive_amount": "0.00",
    "advance_deduction": "4322.00",
    "other_deductions": "0.00",
    "net_pay": "0.00",
    "half_paid": "0.00",
    "status": "DRAFT"
  }
},
{
  "model": "payroll.payment",
  "pk": "da14d9df-4e8e-488a-bd64-0e2790dde0eb",
  "fields": {
    "created_at": "2026-06-26T18:44:09.480Z",
    "updated_at": "2026-06-26T18:44:09.480Z",
    "is_active": true,
    "created_by": "ef56c7a6-b735-42ca-8b84-25f327f9a8d6",
    "payslip": null,
    "employee": "e0ce7859-4926-4a92-98b7-c7b57c3ff13b",
    "amount": "1000.00",
    "date": "2026-06-27",
    "mode": "CASH",
    "reference": ""
  }
},
{
  "model": "payroll.payment",
  "pk": "f68c07f5-f4c3-4286-9464-fa578de629e8",
  "fields": {
    "created_at": "2026-06-22T07:51:36.407Z",
    "updated_at": "2026-06-22T07:51:36.407Z",
    "is_active": true,
    "created_by": null,
    "payslip": null,
    "employee": "b012d422-94c2-4182-88d5-5d3bcf538379",
    "amount": "80.00",
    "date": "2026-06-23",
    "mode": "UPI",
    "reference": ""
  }
},
{
  "model": "tasks.task",
  "pk": "02d535e5-270d-4782-967d-be1cc630aacf",
  "fields": {
    "created_at": "2026-06-24T09:32:11.579Z",
    "updated_at": "2026-06-24T09:32:42.309Z",
    "is_active": true,
    "created_by": null,
    "title": "work",
    "description": "",
    "farm": "c1abee3a-865e-4d4c-837a-44eb4d4f552a",
    "field": "de2e7bc2-39a4-40b5-a4e7-4cec20e84e20",
    "assigned_to": null,
    "assigned_employee": null,
    "priority": "LOW",
    "status": "COMPLETED",
    "schedule_type": "WEEKLY",
    "recurrence": "NONE",
    "category": "",
    "start_date": "2026-06-29",
    "due_date": "2026-07-11",
    "progress": 100,
    "verified_by": null,
    "verified_at": null,
    "parent_task": null
  }
},
{
  "model": "tasks.task",
  "pk": "035dd069-590b-46a2-aa48-ae79b351d30b",
  "fields": {
    "created_at": "2026-06-25T05:47:25.562Z",
    "updated_at": "2026-06-25T11:21:39.190Z",
    "is_active": true,
    "created_by": null,
    "title": "hi hlo",
    "description": "",
    "farm": "1359a817-9ea7-4c67-9355-af8eb5ef462f",
    "field": "de2e7bc2-39a4-40b5-a4e7-4cec20e84e20",
    "assigned_to": "7a30e618-f87b-47ee-bb6a-f8b799e912cd",
    "assigned_employee": "9253dfa8-7f92-42ed-a52e-c4b7bc8cc6cb",
    "priority": "LOW",
    "status": "COMPLETED",
    "schedule_type": "WEEKLY",
    "recurrence": "WEEKLY",
    "category": "",
    "start_date": "2026-06-25",
    "due_date": "2026-06-26",
    "progress": 100,
    "verified_by": null,
    "verified_at": null,
    "parent_task": null
  }
},
{
  "model": "tasks.task",
  "pk": "0505c0b9-8853-4134-8df7-bd0cffc68830",
  "fields": {
    "created_at": "2026-06-22T12:46:38.707Z",
    "updated_at": "2026-06-22T12:46:55.673Z",
    "is_active": true,
    "created_by": null,
    "title": "ghas kapvu",
    "description": "kapi nakhy",
    "farm": "c1abee3a-865e-4d4c-837a-44eb4d4f552a",
    "field": "bda090bb-52bb-4227-81df-6920d62caa16",
    "assigned_to": null,
    "assigned_employee": null,
    "priority": "MEDIUM",
    "status": "COMPLETED",
    "schedule_type": "DAILY",
    "recurrence": "NONE",
    "category": "kapay jase",
    "start_date": "2026-06-22",
    "due_date": "2026-06-22",
    "progress": 100,
    "verified_by": null,
    "verified_at": null,
    "parent_task": null
  }
},
{
  "model": "tasks.task",
  "pk": "0da06b28-efd0-4d3a-b85e-7b2ed7caeba3",
  "fields": {
    "created_at": "2026-06-26T21:32:56.068Z",
    "updated_at": "2026-06-26T21:32:56.068Z",
    "is_active": true,
    "created_by": "f1f2c199-e8f0-4512-9dca-72db650b8a59",
    "title": "nh",
    "description": "",
    "farm": "8904bc5f-155e-4586-8eb2-80b8604689c3",
    "field": null,
    "assigned_to": "f1f2c199-e8f0-4512-9dca-72db650b8a59",
    "assigned_employee": null,
    "priority": "LOW",
    "status": "TODO",
    "schedule_type": "DAILY",
    "recurrence": "NONE",
    "category": "",
    "start_date": "2026-06-27",
    "due_date": "2026-07-08",
    "progress": 0,
    "verified_by": null,
    "verified_at": null,
    "parent_task": null
  }
},
{
  "model": "tasks.task",
  "pk": "13de7f6c-e7d9-4724-8834-9efb7f827d27",
  "fields": {
    "created_at": "2026-06-24T18:26:36.106Z",
    "updated_at": "2026-06-25T11:22:47.889Z",
    "is_active": true,
    "created_by": null,
    "title": "nono",
    "description": "",
    "farm": "1359a817-9ea7-4c67-9355-af8eb5ef462f",
    "field": "bda090bb-52bb-4227-81df-6920d62caa16",
    "assigned_to": "bbbd9c3e-e418-413b-9f86-5660f2e8c307",
    "assigned_employee": "3bbabcde-ebb5-4f55-8758-85102f12c85d",
    "priority": "MEDIUM",
    "status": "COMPLETED",
    "schedule_type": "ADHOC",
    "recurrence": "NONE",
    "category": "fe",
    "start_date": "2026-06-24",
    "due_date": "2026-06-25",
    "progress": 100,
    "verified_by": null,
    "verified_at": null,
    "parent_task": null
  }
},
{
  "model": "tasks.task",
  "pk": "18fc1a19-5083-4960-b0f8-f867f849de4f",
  "fields": {
    "created_at": "2026-06-19T13:28:24.537Z",
    "updated_at": "2026-06-19T13:28:40.592Z",
    "is_active": true,
    "created_by": null,
    "title": "work",
    "description": "hii",
    "farm": "c1abee3a-865e-4d4c-837a-44eb4d4f552a",
    "field": "b17fe67e-4a7c-49e7-bad3-eca1a67b5df4",
    "assigned_to": null,
    "assigned_employee": null,
    "priority": "MEDIUM",
    "status": "COMPLETED",
    "schedule_type": "WEEKLY",
    "recurrence": "WEEKLY",
    "category": "hii",
    "start_date": "2026-06-19",
    "due_date": "2026-07-03",
    "progress": 100,
    "verified_by": null,
    "verified_at": null,
    "parent_task": null
  }
},
{
  "model": "tasks.task",
  "pk": "23a975bc-8fbc-4211-a6f9-b4f3a3dc1a74",
  "fields": {
    "created_at": "2026-06-26T18:58:48.635Z",
    "updated_at": "2026-06-26T18:58:55.421Z",
    "is_active": true,
    "created_by": "7a30e618-f87b-47ee-bb6a-f8b799e912cd",
    "title": "overtime",
    "description": "",
    "farm": "61f13c11-d266-47d0-a4da-85b32c4ced3d",
    "field": null,
    "assigned_to": "7a30e618-f87b-47ee-bb6a-f8b799e912cd",
    "assigned_employee": null,
    "priority": "LOW",
    "status": "IN_PROGRESS",
    "schedule_type": "DAILY",
    "recurrence": "NONE",
    "category": "",
    "start_date": "2026-06-27",
    "due_date": "2026-07-11",
    "progress": 0,
    "verified_by": null,
    "verified_at": null,
    "parent_task": null
  }
},
{
  "model": "tasks.task",
  "pk": "2a8235cc-9e9b-434f-ae2b-b088bbdd9dbc",
  "fields": {
    "created_at": "2026-06-22T08:15:25.746Z",
    "updated_at": "2026-06-22T09:25:01.723Z",
    "is_active": true,
    "created_by": "b1e91215-8b87-41cb-b0d6-f80ff430f912",
    "title": "fgsh",
    "description": "rgth",
    "farm": "c1abee3a-865e-4d4c-837a-44eb4d4f552a",
    "field": "b17fe67e-4a7c-49e7-bad3-eca1a67b5df4",
    "assigned_to": "b1e91215-8b87-41cb-b0d6-f80ff430f912",
    "assigned_employee": null,
    "priority": "HIGH",
    "status": "COMPLETED",
    "schedule_type": "WEEKLY",
    "recurrence": "WEEKLY",
    "category": "fvfb",
    "start_date": "2026-06-17",
    "due_date": "2026-06-26",
    "progress": 100,
    "verified_by": null,
    "verified_at": null,
    "parent_task": null
  }
},
{
  "model": "tasks.task",
  "pk": "41a1b4f1-8af4-4beb-90a0-2ba6bc1387f6",
  "fields": {
    "created_at": "2026-06-18T10:37:45.156Z",
    "updated_at": "2026-06-18T12:58:53.618Z",
    "is_active": true,
    "created_by": null,
    "title": "Irrigate Block A",
    "description": "Drip irrigation cycle for grapes",
    "farm": "c1abee3a-865e-4d4c-837a-44eb4d4f552a",
    "field": "b17fe67e-4a7c-49e7-bad3-eca1a67b5df4",
    "assigned_to": null,
    "assigned_employee": null,
    "priority": "HIGH",
    "status": "COMPLETED",
    "schedule_type": "DAILY",
    "recurrence": "NONE",
    "category": "",
    "start_date": null,
    "due_date": "2026-06-18",
    "progress": 100,
    "verified_by": null,
    "verified_at": null,
    "parent_task": null
  }
},
{
  "model": "tasks.task",
  "pk": "5483260c-f24e-4414-bf5b-60310f568ea2",
  "fields": {
    "created_at": "2026-06-22T07:53:47.171Z",
    "updated_at": "2026-06-24T12:29:59.254Z",
    "is_active": true,
    "created_by": null,
    "title": "hlo tsk",
    "description": "no",
    "farm": "c1abee3a-865e-4d4c-837a-44eb4d4f552a",
    "field": "b17fe67e-4a7c-49e7-bad3-eca1a67b5df4",
    "assigned_to": null,
    "assigned_employee": "b012d422-94c2-4182-88d5-5d3bcf538379",
    "priority": "MEDIUM",
    "status": "COMPLETED",
    "schedule_type": "WEEKLY",
    "recurrence": "ANNUAL",
    "category": "nno",
    "start_date": "2026-06-22",
    "due_date": "2029-06-13",
    "progress": 100,
    "verified_by": null,
    "verified_at": null,
    "parent_task": null
  }
},
{
  "model": "tasks.task",
  "pk": "558ca976-dc6c-4ab5-981e-f6d57efd0258",
  "fields": {
    "created_at": "2026-06-24T12:39:22.750Z",
    "updated_at": "2026-06-24T12:39:37.004Z",
    "is_active": true,
    "created_by": "814ac1e2-6159-4e8a-a30a-eed4c8f266d4",
    "title": "evrht",
    "description": "efvgf",
    "farm": "1359a817-9ea7-4c67-9355-af8eb5ef462f",
    "field": "857785c3-fe29-457d-9623-f804c1aae930",
    "assigned_to": "814ac1e2-6159-4e8a-a30a-eed4c8f266d4",
    "assigned_employee": null,
    "priority": "LOW",
    "status": "COMPLETED",
    "schedule_type": "WEEKLY",
    "recurrence": "NONE",
    "category": "vfefefv",
    "start_date": "2026-06-09",
    "due_date": "2026-06-24",
    "progress": 100,
    "verified_by": null,
    "verified_at": null,
    "parent_task": null
  }
},
{
  "model": "tasks.task",
  "pk": "5dde3778-33c3-42ef-9bfe-53adcce48629",
  "fields": {
    "created_at": "2026-06-20T11:17:43.296Z",
    "updated_at": "2026-06-20T17:17:32.089Z",
    "is_active": true,
    "created_by": null,
    "title": "fhdh",
    "description": "fggfg",
    "farm": "c1abee3a-865e-4d4c-837a-44eb4d4f552a",
    "field": "b17fe67e-4a7c-49e7-bad3-eca1a67b5df4",
    "assigned_to": null,
    "assigned_employee": null,
    "priority": "MEDIUM",
    "status": "COMPLETED",
    "schedule_type": "WEEKLY",
    "recurrence": "WEEKLY",
    "category": "hufd",
    "start_date": "2026-06-20",
    "due_date": "2026-07-03",
    "progress": 100,
    "verified_by": null,
    "verified_at": null,
    "parent_task": null
  }
},
{
  "model": "tasks.task",
  "pk": "5edf4695-b21a-48f1-a7ad-17f943cf3620",
  "fields": {
    "created_at": "2026-06-24T13:05:45.960Z",
    "updated_at": "2026-06-25T11:22:06.597Z",
    "is_active": true,
    "created_by": null,
    "title": "b com",
    "description": "",
    "farm": "1359a817-9ea7-4c67-9355-af8eb5ef462f",
    "field": "de2e7bc2-39a4-40b5-a4e7-4cec20e84e20",
    "assigned_to": "bbbd9c3e-e418-413b-9f86-5660f2e8c307",
    "assigned_employee": "b012d422-94c2-4182-88d5-5d3bcf538379",
    "priority": "MEDIUM",
    "status": "IN_PROGRESS",
    "schedule_type": "MONTHLY",
    "recurrence": "WEEKLY",
    "category": "no",
    "start_date": "2026-06-24",
    "due_date": "2026-07-11",
    "progress": 0,
    "verified_by": null,
    "verified_at": null,
    "parent_task": null
  }
},
{
  "model": "tasks.task",
  "pk": "709433eb-a975-4dea-a67d-7bc720b9602b",
  "fields": {
    "created_at": "2026-06-26T12:28:29.645Z",
    "updated_at": "2026-06-26T12:29:27.954Z",
    "is_active": true,
    "created_by": "7a30e618-f87b-47ee-bb6a-f8b799e912cd",
    "title": "coding",
    "description": "",
    "farm": "1359a817-9ea7-4c67-9355-af8eb5ef462f",
    "field": "857785c3-fe29-457d-9623-f804c1aae930",
    "assigned_to": "7a30e618-f87b-47ee-bb6a-f8b799e912cd",
    "assigned_employee": null,
    "priority": "LOW",
    "status": "SUBMITTED",
    "schedule_type": "DAILY",
    "recurrence": "NONE",
    "category": "no",
    "start_date": "2026-06-26",
    "due_date": "2026-06-29",
    "progress": 100,
    "verified_by": null,
    "verified_at": null,
    "parent_task": null
  }
},
{
  "model": "tasks.task",
  "pk": "8358c382-d6d5-4f6e-9624-ed22cbe56209",
  "fields": {
    "created_at": "2026-06-26T18:04:28.860Z",
    "updated_at": "2026-06-26T18:58:53.803Z",
    "is_active": true,
    "created_by": "7a30e618-f87b-47ee-bb6a-f8b799e912cd",
    "title": "no",
    "description": "",
    "farm": "61f13c11-d266-47d0-a4da-85b32c4ced3d",
    "field": null,
    "assigned_to": "7a30e618-f87b-47ee-bb6a-f8b799e912cd",
    "assigned_employee": null,
    "priority": "LOW",
    "status": "COMPLETED",
    "schedule_type": "DAILY",
    "recurrence": "NONE",
    "category": "no",
    "start_date": "2026-06-26",
    "due_date": "2026-07-09",
    "progress": 100,
    "verified_by": null,
    "verified_at": null,
    "parent_task": null
  }
},
{
  "model": "tasks.task",
  "pk": "a64d2997-e944-47c5-8131-6f17af0dc2c6",
  "fields": {
    "created_at": "2026-06-26T19:28:56.085Z",
    "updated_at": "2026-06-26T19:28:59.979Z",
    "is_active": true,
    "created_by": "7a30e618-f87b-47ee-bb6a-f8b799e912cd",
    "title": "no money",
    "description": "",
    "farm": "61f13c11-d266-47d0-a4da-85b32c4ced3d",
    "field": null,
    "assigned_to": "7a30e618-f87b-47ee-bb6a-f8b799e912cd",
    "assigned_employee": null,
    "priority": "MEDIUM",
    "status": "IN_PROGRESS",
    "schedule_type": "DAILY",
    "recurrence": "NONE",
    "category": "",
    "start_date": "2026-06-27",
    "due_date": "2026-07-02",
    "progress": 0,
    "verified_by": null,
    "verified_at": null,
    "parent_task": null
  }
},
{
  "model": "tasks.task",
  "pk": "c22e99c4-1b0c-4a73-94d4-8e9cd8ba99b6",
  "fields": {
    "created_at": "2026-06-22T08:16:36.476Z",
    "updated_at": "2026-06-24T07:39:57.000Z",
    "is_active": true,
    "created_by": "b1e91215-8b87-41cb-b0d6-f80ff430f912",
    "title": "56",
    "description": "hbn",
    "farm": "c1abee3a-865e-4d4c-837a-44eb4d4f552a",
    "field": "b17fe67e-4a7c-49e7-bad3-eca1a67b5df4",
    "assigned_to": "b1e91215-8b87-41cb-b0d6-f80ff430f912",
    "assigned_employee": null,
    "priority": "MEDIUM",
    "status": "COMPLETED",
    "schedule_type": "MONTHLY",
    "recurrence": "MONTHLY",
    "category": "ghghj",
    "start_date": "2026-06-23",
    "due_date": "2026-06-24",
    "progress": 100,
    "verified_by": null,
    "verified_at": null,
    "parent_task": null
  }
},
{
  "model": "tasks.task",
  "pk": "ce7100e2-6dd7-4b37-b5ca-59277b66f577",
  "fields": {
    "created_at": "2026-06-25T09:40:22.513Z",
    "updated_at": "2026-06-25T09:41:17.899Z",
    "is_active": true,
    "created_by": "7a30e618-f87b-47ee-bb6a-f8b799e912cd",
    "title": "nhi",
    "description": "nhi",
    "farm": "1359a817-9ea7-4c67-9355-af8eb5ef462f",
    "field": "857785c3-fe29-457d-9623-f804c1aae930",
    "assigned_to": "7a30e618-f87b-47ee-bb6a-f8b799e912cd",
    "assigned_employee": null,
    "priority": "HIGH",
    "status": "COMPLETED",
    "schedule_type": "MONTHLY",
    "recurrence": "DAILY",
    "category": "nhi",
    "start_date": "2026-06-25",
    "due_date": "2026-07-02",
    "progress": 100,
    "verified_by": null,
    "verified_at": null,
    "parent_task": null
  }
},
{
  "model": "tasks.task",
  "pk": "e1ffaaf8-fd8c-4e2d-87c7-15faeba1774f",
  "fields": {
    "created_at": "2026-06-24T07:55:56.095Z",
    "updated_at": "2026-06-24T12:29:50.210Z",
    "is_active": true,
    "created_by": "83013cca-fca0-4300-86c0-a447c810d1f6",
    "title": "grepes",
    "description": "",
    "farm": "c1abee3a-865e-4d4c-837a-44eb4d4f552a",
    "field": "de2e7bc2-39a4-40b5-a4e7-4cec20e84e20",
    "assigned_to": "83013cca-fca0-4300-86c0-a447c810d1f6",
    "assigned_employee": null,
    "priority": "MEDIUM",
    "status": "COMPLETED",
    "schedule_type": "DAILY",
    "recurrence": "DAILY",
    "category": "genrel",
    "start_date": "2026-06-24",
    "due_date": "2026-06-27",
    "progress": 100,
    "verified_by": null,
    "verified_at": null,
    "parent_task": null
  }
},
{
  "model": "tasks.task",
  "pk": "e4aa4348-623d-452a-9613-7fb965d8d174",
  "fields": {
    "created_at": "2026-06-24T14:22:52.587Z",
    "updated_at": "2026-06-26T12:15:37.447Z",
    "is_active": true,
    "created_by": "dffb0e83-06f3-405b-9b6e-0e44e6b6a529",
    "title": "rg",
    "description": "regthth",
    "farm": "1359a817-9ea7-4c67-9355-af8eb5ef462f",
    "field": "857785c3-fe29-457d-9623-f804c1aae930",
    "assigned_to": "dffb0e83-06f3-405b-9b6e-0e44e6b6a529",
    "assigned_employee": null,
    "priority": "MEDIUM",
    "status": "COMPLETED",
    "schedule_type": "WEEKLY",
    "recurrence": "DAILY",
    "category": "ddfbgff",
    "start_date": "2026-06-15",
    "due_date": "2026-06-25",
    "progress": 100,
    "verified_by": null,
    "verified_at": null,
    "parent_task": null
  }
},
{
  "model": "tasks.task",
  "pk": "f4e44815-eafe-4c3c-803b-b7ccf127244b",
  "fields": {
    "created_at": "2026-06-24T12:38:28.590Z",
    "updated_at": "2026-06-24T12:38:40.228Z",
    "is_active": true,
    "created_by": "814ac1e2-6159-4e8a-a30a-eed4c8f266d4",
    "title": "fvefe",
    "description": "egh",
    "farm": "1359a817-9ea7-4c67-9355-af8eb5ef462f",
    "field": "857785c3-fe29-457d-9623-f804c1aae930",
    "assigned_to": "814ac1e2-6159-4e8a-a30a-eed4c8f266d4",
    "assigned_employee": null,
    "priority": "LOW",
    "status": "IN_PROGRESS",
    "schedule_type": "MONTHLY",
    "recurrence": "NONE",
    "category": "wsdd",
    "start_date": null,
    "due_date": null,
    "progress": 0,
    "verified_by": null,
    "verified_at": null,
    "parent_task": null
  }
},
{
  "model": "tasks.taskworksession",
  "pk": "38b6f045-8004-4b95-bf8e-64d593323bb9",
  "fields": {
    "created_at": "2026-06-26T12:15:26.483Z",
    "updated_at": "2026-06-26T12:15:29.797Z",
    "created_by": "ef56c7a6-b735-42ca-8b84-25f327f9a8d6",
    "task": "e4aa4348-623d-452a-9613-7fb965d8d174",
    "user": "ef56c7a6-b735-42ca-8b84-25f327f9a8d6",
    "start_time": "2026-06-26T12:15:26.482Z",
    "end_time": "2026-06-26T12:15:29.797Z",
    "note": ""
  }
},
{
  "model": "tasks.taskworksession",
  "pk": "3c8d6d1a-f738-4828-be1d-4bddd5e93e3e",
  "fields": {
    "created_at": "2026-06-24T12:38:40.222Z",
    "updated_at": "2026-06-24T12:38:43.899Z",
    "created_by": "814ac1e2-6159-4e8a-a30a-eed4c8f266d4",
    "task": "f4e44815-eafe-4c3c-803b-b7ccf127244b",
    "user": "814ac1e2-6159-4e8a-a30a-eed4c8f266d4",
    "start_time": "2026-06-24T12:38:40.222Z",
    "end_time": "2026-06-24T12:38:43.899Z",
    "note": ""
  }
},
{
  "model": "tasks.taskworksession",
  "pk": "46b2407b-f751-41bf-9639-3d8198d2149a",
  "fields": {
    "created_at": "2026-06-26T12:28:36.432Z",
    "updated_at": "2026-06-26T12:28:45.657Z",
    "created_by": "7a30e618-f87b-47ee-bb6a-f8b799e912cd",
    "task": "709433eb-a975-4dea-a67d-7bc720b9602b",
    "user": "7a30e618-f87b-47ee-bb6a-f8b799e912cd",
    "start_time": "2026-06-26T12:28:36.432Z",
    "end_time": "2026-06-26T12:28:45.657Z",
    "note": ""
  }
},
{
  "model": "tasks.taskworksession",
  "pk": "48aa0073-a38a-4cf1-bd63-ee319d9e6373",
  "fields": {
    "created_at": "2026-06-26T18:58:55.414Z",
    "updated_at": "2026-06-26T19:31:20.413Z",
    "created_by": "7a30e618-f87b-47ee-bb6a-f8b799e912cd",
    "task": "23a975bc-8fbc-4211-a6f9-b4f3a3dc1a74",
    "user": "7a30e618-f87b-47ee-bb6a-f8b799e912cd",
    "start_time": "2026-06-26T18:58:55.414Z",
    "end_time": "2026-06-26T19:31:20.413Z",
    "note": ""
  }
},
{
  "model": "tasks.taskworksession",
  "pk": "4d5ac5b8-ff90-4497-90cd-5cdeb4150c0d",
  "fields": {
    "created_at": "2026-06-26T12:28:51.075Z",
    "updated_at": "2026-06-26T12:49:27.204Z",
    "created_by": "7a30e618-f87b-47ee-bb6a-f8b799e912cd",
    "task": "709433eb-a975-4dea-a67d-7bc720b9602b",
    "user": "7a30e618-f87b-47ee-bb6a-f8b799e912cd",
    "start_time": "2026-06-26T12:28:51.075Z",
    "end_time": "2026-06-26T12:49:27.204Z",
    "note": ""
  }
},
{
  "model": "tasks.taskworksession",
  "pk": "552819e2-80e9-43dc-823c-ba47bbccbc5f",
  "fields": {
    "created_at": "2026-06-20T11:03:21.868Z",
    "updated_at": "2026-06-20T11:03:22.951Z",
    "created_by": "613628b5-9ae8-4768-8a3b-05601cf5d738",
    "task": "18fc1a19-5083-4960-b0f8-f867f849de4f",
    "user": "613628b5-9ae8-4768-8a3b-05601cf5d738",
    "start_time": "2026-06-20T11:03:21.868Z",
    "end_time": "2026-06-20T11:03:22.951Z",
    "note": ""
  }
},
{
  "model": "tasks.taskworksession",
  "pk": "67207bb6-1122-42bc-a6ea-56c3dba25e1a",
  "fields": {
    "created_at": "2026-06-26T19:28:59.973Z",
    "updated_at": "2026-06-26T19:31:17.946Z",
    "created_by": "7a30e618-f87b-47ee-bb6a-f8b799e912cd",
    "task": "a64d2997-e944-47c5-8131-6f17af0dc2c6",
    "user": "7a30e618-f87b-47ee-bb6a-f8b799e912cd",
    "start_time": "2026-06-26T19:28:59.973Z",
    "end_time": "2026-06-26T19:31:17.946Z",
    "note": ""
  }
},
{
  "model": "tasks.taskworksession",
  "pk": "68bae780-cda2-471e-a345-ef99651cf095",
  "fields": {
    "created_at": "2026-06-22T08:16:52.910Z",
    "updated_at": "2026-06-22T08:27:39.824Z",
    "created_by": "b1e91215-8b87-41cb-b0d6-f80ff430f912",
    "task": "c22e99c4-1b0c-4a73-94d4-8e9cd8ba99b6",
    "user": "b1e91215-8b87-41cb-b0d6-f80ff430f912",
    "start_time": "2026-06-22T08:16:52.910Z",
    "end_time": "2026-06-22T08:27:39.821Z",
    "note": ""
  }
},
{
  "model": "tasks.taskworksession",
  "pk": "70d88bc3-7f4a-4c75-92f9-9cb21987709e",
  "fields": {
    "created_at": "2026-06-22T08:16:00.901Z",
    "updated_at": "2026-06-22T08:16:45.545Z",
    "created_by": "b1e91215-8b87-41cb-b0d6-f80ff430f912",
    "task": "2a8235cc-9e9b-434f-ae2b-b088bbdd9dbc",
    "user": "b1e91215-8b87-41cb-b0d6-f80ff430f912",
    "start_time": "2026-06-22T08:16:00.898Z",
    "end_time": "2026-06-22T08:16:45.545Z",
    "note": ""
  }
},
{
  "model": "tasks.taskworksession",
  "pk": "7242b04f-3fc0-4483-9ca9-829166016774",
  "fields": {
    "created_at": "2026-06-26T21:20:59.614Z",
    "updated_at": "2026-06-26T21:21:04.682Z",
    "created_by": "7a30e618-f87b-47ee-bb6a-f8b799e912cd",
    "task": "a64d2997-e944-47c5-8131-6f17af0dc2c6",
    "user": "7a30e618-f87b-47ee-bb6a-f8b799e912cd",
    "start_time": "2026-06-26T21:20:59.614Z",
    "end_time": "2026-06-26T21:21:04.682Z",
    "note": ""
  }
},
{
  "model": "tasks.taskworksession",
  "pk": "9992d69e-ea8f-4069-af74-74f3daad0494",
  "fields": {
    "created_at": "2026-06-26T21:21:11.108Z",
    "updated_at": "2026-06-26T21:21:13.448Z",
    "created_by": "7a30e618-f87b-47ee-bb6a-f8b799e912cd",
    "task": "23a975bc-8fbc-4211-a6f9-b4f3a3dc1a74",
    "user": "7a30e618-f87b-47ee-bb6a-f8b799e912cd",
    "start_time": "2026-06-26T21:21:11.108Z",
    "end_time": "2026-06-26T21:21:13.448Z",
    "note": ""
  }
},
{
  "model": "tasks.taskworksession",
  "pk": "b4eb4899-eeec-4650-9359-5e322a8bed39",
  "fields": {
    "created_at": "2026-06-24T07:56:00.264Z",
    "updated_at": "2026-06-24T07:59:51.305Z",
    "created_by": "83013cca-fca0-4300-86c0-a447c810d1f6",
    "task": "e1ffaaf8-fd8c-4e2d-87c7-15faeba1774f",
    "user": "83013cca-fca0-4300-86c0-a447c810d1f6",
    "start_time": "2026-06-24T07:56:00.264Z",
    "end_time": "2026-06-24T07:59:51.301Z",
    "note": ""
  }
},
{
  "model": "tasks.taskworksession",
  "pk": "bb3f2f7c-84c9-44a3-a7b3-1eab9ec81a7d",
  "fields": {
    "created_at": "2026-06-26T18:06:04.029Z",
    "updated_at": "2026-06-26T18:58:51.917Z",
    "created_by": "7a30e618-f87b-47ee-bb6a-f8b799e912cd",
    "task": "8358c382-d6d5-4f6e-9624-ed22cbe56209",
    "user": "7a30e618-f87b-47ee-bb6a-f8b799e912cd",
    "start_time": "2026-06-26T18:06:04.028Z",
    "end_time": "2026-06-26T18:58:51.917Z",
    "note": ""
  }
},
{
  "model": "tasks.taskworksession",
  "pk": "bf18ba6b-5f08-441c-9b71-5d7134c9ecac",
  "fields": {
    "created_at": "2026-06-25T09:40:24.090Z",
    "updated_at": "2026-06-25T10:24:04.021Z",
    "created_by": "7a30e618-f87b-47ee-bb6a-f8b799e912cd",
    "task": "ce7100e2-6dd7-4b37-b5ca-59277b66f577",
    "user": "7a30e618-f87b-47ee-bb6a-f8b799e912cd",
    "start_time": "2026-06-25T09:40:24.089Z",
    "end_time": "2026-06-25T10:24:04.021Z",
    "note": ""
  }
},
{
  "model": "tasks.taskworksession",
  "pk": "eb938830-80c4-4378-81c9-bd706fd8294a",
  "fields": {
    "created_at": "2026-06-26T21:15:55.394Z",
    "updated_at": "2026-06-26T21:20:58.279Z",
    "created_by": "7a30e618-f87b-47ee-bb6a-f8b799e912cd",
    "task": "a64d2997-e944-47c5-8131-6f17af0dc2c6",
    "user": "7a30e618-f87b-47ee-bb6a-f8b799e912cd",
    "start_time": "2026-06-26T21:15:55.394Z",
    "end_time": "2026-06-26T21:20:58.279Z",
    "note": ""
  }
},
{
  "model": "tasks.taskworksession",
  "pk": "f32428de-c2e8-4a6b-a5e7-9a0c9a134983",
  "fields": {
    "created_at": "2026-06-24T12:39:32.187Z",
    "updated_at": "2026-06-24T12:39:35.635Z",
    "created_by": "814ac1e2-6159-4e8a-a30a-eed4c8f266d4",
    "task": "558ca976-dc6c-4ab5-981e-f6d57efd0258",
    "user": "814ac1e2-6159-4e8a-a30a-eed4c8f266d4",
    "start_time": "2026-06-24T12:39:32.186Z",
    "end_time": "2026-06-24T12:39:35.635Z",
    "note": ""
  }
},
{
  "model": "tasks.taskworksession",
  "pk": "f982ceb7-7d21-4cb6-9d2e-e9a69e7adb10",
  "fields": {
    "created_at": "2026-06-26T21:21:06.904Z",
    "updated_at": "2026-06-26T21:21:55.948Z",
    "created_by": "7a30e618-f87b-47ee-bb6a-f8b799e912cd",
    "task": "a64d2997-e944-47c5-8131-6f17af0dc2c6",
    "user": "7a30e618-f87b-47ee-bb6a-f8b799e912cd",
    "start_time": "2026-06-26T21:21:06.904Z",
    "end_time": "2026-06-26T21:21:55.948Z",
    "note": ""
  }
},
{
  "model": "tasks.taskworksession",
  "pk": "fb287253-de48-486a-a4c9-86c5747bee23",
  "fields": {
    "created_at": "2026-06-24T08:00:06.538Z",
    "updated_at": "2026-06-24T08:32:29.212Z",
    "created_by": "83013cca-fca0-4300-86c0-a447c810d1f6",
    "task": "e1ffaaf8-fd8c-4e2d-87c7-15faeba1774f",
    "user": "83013cca-fca0-4300-86c0-a447c810d1f6",
    "start_time": "2026-06-24T08:00:06.537Z",
    "end_time": "2026-06-24T08:32:29.207Z",
    "note": ""
  }
},
{
  "model": "agronomy.crop",
  "pk": "20bb427f-9e5a-4248-ab47-c7fe840a0b5b",
  "fields": {
    "created_at": "2026-06-22T05:38:48.948Z",
    "updated_at": "2026-06-22T05:38:48.948Z",
    "is_active": true,
    "created_by": null,
    "name": "km",
    "variety": "k",
    "farm": "c1abee3a-865e-4d4c-837a-44eb4d4f552a",
    "field": "bda090bb-52bb-4227-81df-6920d62caa16",
    "season": "m",
    "planting_date": "2026-06-15",
    "expected_harvest_date": "2026-07-03",
    "area": "-6.00",
    "status": "PLANTED",
    "growth_stage": "m",
    "expected_yield": "1.00",
    "notes": "km k"
  }
},
{
  "model": "agronomy.crop",
  "pk": "2499949f-04dd-483e-9c1e-97fb0e47b374",
  "fields": {
    "created_at": "2026-06-22T10:00:44.212Z",
    "updated_at": "2026-06-22T10:02:21.684Z",
    "is_active": true,
    "created_by": null,
    "name": "jiji",
    "variety": "kmk",
    "farm": "c1abee3a-865e-4d4c-837a-44eb4d4f552a",
    "field": "bda090bb-52bb-4227-81df-6920d62caa16",
    "season": "mkmk",
    "planting_date": "2026-06-21",
    "expected_harvest_date": "2026-06-21",
    "area": "0.00",
    "status": "PLANTED",
    "growth_stage": "",
    "expected_yield": "0.00",
    "notes": ""
  }
},
{
  "model": "agronomy.crop",
  "pk": "c8906593-0185-4446-8a63-e4e471efafd6",
  "fields": {
    "created_at": "2026-06-24T06:31:53.362Z",
    "updated_at": "2026-06-24T06:31:53.362Z",
    "is_active": true,
    "created_by": null,
    "name": "no",
    "variety": "yes",
    "farm": "c1abee3a-865e-4d4c-837a-44eb4d4f552a",
    "field": "b17fe67e-4a7c-49e7-bad3-eca1a67b5df4",
    "season": "no",
    "planting_date": "2026-06-24",
    "expected_harvest_date": "2026-07-24",
    "area": "90.00",
    "status": "GROWING",
    "growth_stage": "ijk",
    "expected_yield": "990.00",
    "notes": ""
  }
},
{
  "model": "agronomy.crop",
  "pk": "f19a3c2e-deb8-4a87-b6a5-0e94db9b2416",
  "fields": {
    "created_at": "2026-06-18T10:37:45.134Z",
    "updated_at": "2026-06-22T07:08:40.168Z",
    "is_active": true,
    "created_by": null,
    "name": "Grapes",
    "variety": "Thompson Seedless",
    "farm": "c1abee3a-865e-4d4c-837a-44eb4d4f552a",
    "field": "b17fe67e-4a7c-49e7-bad3-eca1a67b5df4",
    "season": "Rabi 2025",
    "planting_date": "2026-06-17",
    "expected_harvest_date": "2028-07-05",
    "area": "20.00",
    "status": "GROWING",
    "growth_stage": "",
    "expected_yield": "400.00",
    "notes": ""
  }
},
{
  "model": "agronomy.plantationrecord",
  "pk": "2c2326d0-6612-4094-9e23-8316df2909dc",
  "fields": {
    "created_at": "2026-06-22T07:58:54.469Z",
    "updated_at": "2026-06-22T07:58:54.469Z",
    "is_active": true,
    "created_by": null,
    "crop": "20bb427f-9e5a-4248-ab47-c7fe840a0b5b",
    "farm": "c1abee3a-865e-4d4c-837a-44eb4d4f552a",
    "date": "2026-06-09",
    "spacing": "3 *3",
    "plant_count": 11,
    "notes": "ghj"
  }
},
{
  "model": "agronomy.observation",
  "pk": "82244031-8479-48f1-9421-ac0728f48947",
  "fields": {
    "created_at": "2026-06-22T07:56:56.267Z",
    "updated_at": "2026-06-22T07:56:56.267Z",
    "is_active": true,
    "created_by": null,
    "crop": "20bb427f-9e5a-4248-ab47-c7fe840a0b5b",
    "farm": "c1abee3a-865e-4d4c-837a-44eb4d4f552a",
    "field": null,
    "observation_type": "DISEASE",
    "severity": "LOW",
    "title": "dhgj",
    "description": "3ry",
    "photo": "",
    "latitude": null,
    "longitude": null,
    "observed_on": "2026-06-27"
  }
},
{
  "model": "agronomy.inputapplication",
  "pk": "f59d17cd-b029-4b54-ace7-e53fa767c0fe",
  "fields": {
    "created_at": "2026-06-22T07:57:38.767Z",
    "updated_at": "2026-06-22T07:57:38.767Z",
    "is_active": true,
    "created_by": null,
    "crop": "f19a3c2e-deb8-4a87-b6a5-0e94db9b2416",
    "farm": "1359a817-9ea7-4c67-9355-af8eb5ef462f",
    "field": null,
    "input_type": "PESTICIDE",
    "product_name": "yty",
    "inventory_item": "1c0cc712-84ea-4d03-bc78-d0af44408827",
    "quantity": "12.00",
    "unit": "12",
    "dosage": "12",
    "cost": "9998.00",
    "applied_on": "2026-06-16",
    "notes": "hghj"
  }
},
{
  "model": "agronomy.growthrecord",
  "pk": "fe948ced-96b4-4924-a70a-9fe2c5c23fad",
  "fields": {
    "created_at": "2026-06-19T13:49:35.187Z",
    "updated_at": "2026-06-19T13:49:35.187Z",
    "is_active": true,
    "created_by": null,
    "crop": "f19a3c2e-deb8-4a87-b6a5-0e94db9b2416",
    "farm": "c1abee3a-865e-4d4c-837a-44eb4d4f552a",
    "date": "2026-06-24",
    "stage": "hi",
    "height_cm": "11.00",
    "health_index": 8,
    "notes": "kk"
  }
},
{
  "model": "agronomy.harvestrecord",
  "pk": "274f3184-2e19-4329-acb9-7ca145e7bad0",
  "fields": {
    "created_at": "2026-06-22T07:58:10.398Z",
    "updated_at": "2026-06-22T07:58:10.398Z",
    "is_active": true,
    "created_by": null,
    "crop": "20bb427f-9e5a-4248-ab47-c7fe840a0b5b",
    "farm": "1359a817-9ea7-4c67-9355-af8eb5ef462f",
    "date": "2026-06-23",
    "quantity": "100.00",
    "unit": "12",
    "quality_grade": "A",
    "yield_per_acre": "999.00",
    "revenue": "11997.00",
    "notes": "rty"
  }
},
{
  "model": "inventory.item",
  "pk": "1c0cc712-84ea-4d03-bc78-d0af44408827",
  "fields": {
    "created_at": "2026-06-18T10:37:45.140Z",
    "updated_at": "2026-06-22T07:59:30.060Z",
    "is_active": true,
    "created_by": null,
    "name": "NPK 19:19:19",
    "sku": "FERT-NPK-01",
    "category": "FERTILIZER",
    "unit": "kg",
    "farm": "c1abee3a-865e-4d4c-837a-44eb4d4f552a",
    "current_stock": "1250.00",
    "reorder_level": "100.00",
    "unit_cost": "85.00",
    "supplier": "",
    "description": ""
  }
},
{
  "model": "inventory.item",
  "pk": "346ba831-c280-4f90-9901-e696f725c8f5",
  "fields": {
    "created_at": "2026-06-24T18:04:50.557Z",
    "updated_at": "2026-06-24T18:04:50.557Z",
    "is_active": true,
    "created_by": null,
    "name": "Diesel",
    "sku": "CONS-FUEL-01",
    "category": "CONSUMABLE",
    "unit": "L",
    "farm": "c1abee3a-865e-4d4c-837a-44eb4d4f552a",
    "current_stock": "300.00",
    "reorder_level": "100.00",
    "unit_cost": "92.00",
    "supplier": "Agro Suppliers Ltd",
    "description": ""
  }
},
{
  "model": "inventory.item",
  "pk": "84869d02-d12f-41a6-ad97-d7bfdc356544",
  "fields": {
    "created_at": "2026-06-19T13:52:20.515Z",
    "updated_at": "2026-06-19T13:52:20.515Z",
    "is_active": true,
    "created_by": null,
    "name": "nii",
    "sku": "jnnj",
    "category": "SEED",
    "unit": "jnj",
    "farm": "c1abee3a-865e-4d4c-837a-44eb4d4f552a",
    "current_stock": "98.00",
    "reorder_level": "3.00",
    "unit_cost": "1.00",
    "supplier": "41",
    "description": ""
  }
},
{
  "model": "inventory.item",
  "pk": "bee5cb20-f2ed-40f2-bbd1-8713697a6699",
  "fields": {
    "created_at": "2026-06-24T18:04:50.565Z",
    "updated_at": "2026-06-24T18:04:50.565Z",
    "is_active": true,
    "created_by": null,
    "name": "Pump Spare Kit",
    "sku": "SPARE-PUMP-01",
    "category": "SPARE_PART",
    "unit": "set",
    "farm": "c1abee3a-865e-4d4c-837a-44eb4d4f552a",
    "current_stock": "5.00",
    "reorder_level": "2.00",
    "unit_cost": "2500.00",
    "supplier": "Agro Suppliers Ltd",
    "description": ""
  }
},
{
  "model": "inventory.item",
  "pk": "c72c6a29-c41b-4e2d-aeea-2687f234c32e",
  "fields": {
    "created_at": "2026-06-24T18:04:50.535Z",
    "updated_at": "2026-06-24T18:04:50.535Z",
    "is_active": true,
    "created_by": null,
    "name": "Chlorpyrifos 20EC",
    "sku": "PEST-CHLOR-01",
    "category": "PESTICIDE",
    "unit": "L",
    "farm": "c1abee3a-865e-4d4c-837a-44eb4d4f552a",
    "current_stock": "25.00",
    "reorder_level": "10.00",
    "unit_cost": "450.00",
    "supplier": "Agro Suppliers Ltd",
    "description": ""
  }
},
{
  "model": "inventory.item",
  "pk": "f8088320-73ae-48b3-b323-525ff1376d02",
  "fields": {
    "created_at": "2026-06-24T18:04:50.546Z",
    "updated_at": "2026-06-24T18:04:50.546Z",
    "is_active": true,
    "created_by": null,
    "name": "Onion Seeds Red",
    "sku": "SEED-ONION-02",
    "category": "SEED",
    "unit": "kg",
    "farm": "c1abee3a-865e-4d4c-837a-44eb4d4f552a",
    "current_stock": "40.00",
    "reorder_level": "10.00",
    "unit_cost": "180.00",
    "supplier": "Agro Suppliers Ltd",
    "description": ""
  }
},
{
  "model": "inventory.stockmovement",
  "pk": "47049557-27bf-4539-baab-43c9b0f0bda6",
  "fields": {
    "created_at": "2026-06-22T07:59:29.715Z",
    "updated_at": "2026-06-22T07:59:29.715Z",
    "is_active": true,
    "created_by": null,
    "item": "1c0cc712-84ea-4d03-bc78-d0af44408827",
    "farm": "c1abee3a-865e-4d4c-837a-44eb4d4f552a",
    "movement_type": "ADJUSTMENT",
    "quantity": "1200.00",
    "reference": "fgh",
    "reason": "hhj",
    "date": "2026-06-22",
    "notes": "rt"
  }
},
{
  "model": "inventory.stockmovement",
  "pk": "71b6f70a-4b68-4f11-93e2-5cf253215bc4",
  "fields": {
    "created_at": "2026-06-24T18:04:50.575Z",
    "updated_at": "2026-06-24T18:04:50.575Z",
    "is_active": true,
    "created_by": null,
    "item": "1c0cc712-84ea-4d03-bc78-d0af44408827",
    "farm": "c1abee3a-865e-4d4c-837a-44eb4d4f552a",
    "movement_type": "OUT",
    "quantity": "25.00",
    "reference": "USE-FERT-NPK-01",
    "reason": "Applied to Block A - Grapes",
    "date": "2026-06-21",
    "notes": "Applied to Block A - Grapes"
  }
},
{
  "model": "inventory.stockmovement",
  "pk": "77b36a76-b3ae-4b15-a49c-223a4196a1f6",
  "fields": {
    "created_at": "2026-06-24T18:04:50.585Z",
    "updated_at": "2026-06-24T18:04:50.585Z",
    "is_active": true,
    "created_by": null,
    "item": "c72c6a29-c41b-4e2d-aeea-2687f234c32e",
    "farm": "c1abee3a-865e-4d4c-837a-44eb4d4f552a",
    "movement_type": "OUT",
    "quantity": "3.00",
    "reference": "USE-PEST-CHLOR-01",
    "reason": "Pest control - aphids",
    "date": "2026-06-19",
    "notes": "Pest control - aphids"
  }
},
{
  "model": "inventory.stockmovement",
  "pk": "88d59e98-18e4-444d-96c8-bb748746ffb6",
  "fields": {
    "created_at": "2026-06-24T18:04:50.594Z",
    "updated_at": "2026-06-24T18:04:50.594Z",
    "is_active": true,
    "created_by": null,
    "item": "f8088320-73ae-48b3-b323-525ff1376d02",
    "farm": "c1abee3a-865e-4d4c-837a-44eb4d4f552a",
    "movement_type": "OUT",
    "quantity": "8.00",
    "reference": "USE-SEED-ONION-02",
    "reason": "Sowing in Block C",
    "date": "2026-06-17",
    "notes": "Sowing in Block C"
  }
},
{
  "model": "inventory.stockmovement",
  "pk": "c9eae734-01c7-4492-8f43-73bed312bbae",
  "fields": {
    "created_at": "2026-06-24T18:04:50.604Z",
    "updated_at": "2026-06-24T18:04:50.605Z",
    "is_active": true,
    "created_by": null,
    "item": "346ba831-c280-4f90-9901-e696f725c8f5",
    "farm": "c1abee3a-865e-4d4c-837a-44eb4d4f552a",
    "movement_type": "OUT",
    "quantity": "60.00",
    "reference": "USE-CONS-FUEL-01",
    "reason": "Tractor field operations",
    "date": "2026-06-22",
    "notes": "Tractor field operations"
  }
},
{
  "model": "inventory.stockmovement",
  "pk": "df48eebe-bde9-4174-8e8a-68f75f2a4733",
  "fields": {
    "created_at": "2026-06-24T18:04:50.614Z",
    "updated_at": "2026-06-24T18:04:50.614Z",
    "is_active": true,
    "created_by": null,
    "item": "bee5cb20-f2ed-40f2-bbd1-8713697a6699",
    "farm": "c1abee3a-865e-4d4c-837a-44eb4d4f552a",
    "movement_type": "OUT",
    "quantity": "1.00",
    "reference": "USE-SPARE-PUMP-01",
    "reason": "Pump repair",
    "date": "2026-06-14",
    "notes": "Pump repair"
  }
},
{
  "model": "documents.document",
  "pk": "87b23b0f-9236-4da6-80f5-d661908c5a90",
  "fields": {
    "created_at": "2026-06-22T08:00:15.507Z",
    "updated_at": "2026-06-22T08:01:42.947Z",
    "is_active": false,
    "created_by": null,
    "title": "grow",
    "category": "INVOICE",
    "file": "documents/Screenshot_9.png",
    "farm": "c1abee3a-865e-4d4c-837a-44eb4d4f552a",
    "description": "dfg",
    "tags": "12",
    "version": 2,
    "expiry_date": "2026-06-25"
  }
},
{
  "model": "documents.documentversion",
  "pk": "56471253-e35f-4ad0-9377-dfbe7fb4f9a2",
  "fields": {
    "created_at": "2026-06-22T08:01:42.791Z",
    "updated_at": "2026-06-22T08:01:42.791Z",
    "is_active": true,
    "created_by": null,
    "document": "87b23b0f-9236-4da6-80f5-d661908c5a90",
    "file": "documents/Screenshot_5.png",
    "version": 1,
    "notes": "no"
  }
},
{
  "model": "finance.expense",
  "pk": "945f0e4b-ba28-416e-83ab-3b3f0faa5704",
  "fields": {
    "created_at": "2026-06-21T10:09:01.431Z",
    "updated_at": "2026-06-24T09:44:57.792Z",
    "is_active": true,
    "created_by": null,
    "farm": "c1abee3a-865e-4d4c-837a-44eb4d4f552a",
    "category": "FUEL",
    "amount": "3500.00",
    "date": "2026-06-21",
    "description": "Diesel for tractor",
    "status": "APPROVED",
    "approved_by": null,
    "cost_center": null,
    "crop": null,
    "is_paid": false,
    "bill_file": ""
  }
},
{
  "model": "finance.expense",
  "pk": "e04b6e5b-d71c-4ff6-8405-45fc95a5ee69",
  "fields": {
    "created_at": "2026-06-21T07:02:44.451Z",
    "updated_at": "2026-06-24T09:45:01.591Z",
    "is_active": false,
    "created_by": null,
    "farm": "c1abee3a-865e-4d4c-837a-44eb4d4f552a",
    "category": "MAINTENANCE",
    "amount": "2000.00",
    "date": "2026-06-02",
    "description": "nhuhn",
    "status": "APPROVED",
    "approved_by": null,
    "cost_center": "13b772a2-f3d6-46ee-a3d3-2534baf89da4",
    "crop": "f19a3c2e-deb8-4a87-b6a5-0e94db9b2416",
    "is_paid": false,
    "bill_file": "finance/bills/expenses/Screenshot_13.png"
  }
},
{
  "model": "finance.expense",
  "pk": "e19dff6b-ecfc-44dc-8916-26e510e38d76",
  "fields": {
    "created_at": "2026-06-21T07:04:06.128Z",
    "updated_at": "2026-06-24T09:44:59.938Z",
    "is_active": false,
    "created_by": null,
    "farm": "1359a817-9ea7-4c67-9355-af8eb5ef462f",
    "category": "UTILITIES",
    "amount": "5000.00",
    "date": "2026-06-18",
    "description": "nhu",
    "status": "APPROVED",
    "approved_by": null,
    "cost_center": "13b772a2-f3d6-46ee-a3d3-2534baf89da4",
    "crop": "f19a3c2e-deb8-4a87-b6a5-0e94db9b2416",
    "is_paid": false,
    "bill_file": "finance/bills/expenses/Screenshot_13_WCssxll.png"
  }
},
{
  "model": "finance.purchase",
  "pk": "26444e31-337c-437b-9667-063ca9fe8806",
  "fields": {
    "created_at": "2026-06-25T11:43:05.855Z",
    "updated_at": "2026-06-25T11:43:05.855Z",
    "is_active": false,
    "created_by": "7a30e618-f87b-47ee-bb6a-f8b799e912cd",
    "farm": "1359a817-9ea7-4c67-9355-af8eb5ef462f",
    "invoice_no": "1223342",
    "date": "2026-06-24",
    "quantity": "1.00",
    "unit": "kg",
    "unit_price": "99.00",
    "total_amount": "99.00",
    "status": "APPROVED",
    "approved_by": "7a30e618-f87b-47ee-bb6a-f8b799e912cd",
    "is_paid": false,
    "notes": "bgh",
    "bill_file": "finance/bills/purchases/Screenshot_60.png",
    "employee": null
  }
},
{
  "model": "finance.purchase",
  "pk": "614afd73-8132-4227-8a71-5e4755b774f2",
  "fields": {
    "created_at": "2026-06-25T09:09:51.617Z",
    "updated_at": "2026-06-25T09:09:51.617Z",
    "is_active": false,
    "created_by": "754efd9b-9266-4f35-9fb1-bffe73e7590b",
    "farm": "1359a817-9ea7-4c67-9355-af8eb5ef462f",
    "invoice_no": "53665",
    "date": "2026-06-25",
    "quantity": "11.00",
    "unit": "kg",
    "unit_price": "100.00",
    "total_amount": "1100.00",
    "status": "APPROVED",
    "approved_by": "754efd9b-9266-4f35-9fb1-bffe73e7590b",
    "is_paid": false,
    "notes": "no",
    "bill_file": "finance/bills/purchases/jitus_immigration.png",
    "employee": null
  }
},
{
  "model": "finance.purchase",
  "pk": "9619f34f-42cb-44b2-9cd2-983fa0a56bf4",
  "fields": {
    "created_at": "2026-06-25T07:13:48.229Z",
    "updated_at": "2026-06-25T07:14:28.137Z",
    "is_active": false,
    "created_by": "754efd9b-9266-4f35-9fb1-bffe73e7590b",
    "farm": "1359a817-9ea7-4c67-9355-af8eb5ef462f",
    "invoice_no": "1212",
    "date": "2026-06-25",
    "quantity": "1.00",
    "unit": "bd",
    "unit_price": "11.00",
    "total_amount": "11.00",
    "status": "APPROVED",
    "approved_by": null,
    "is_paid": false,
    "notes": "pivi hati",
    "bill_file": "finance/bills/purchases/20231212_183603.jpg",
    "employee": null
  }
},
{
  "model": "finance.purchase",
  "pk": "f8a08f1a-31bd-4d44-ab9f-c082437a808b",
  "fields": {
    "created_at": "2026-06-24T11:39:37.030Z",
    "updated_at": "2026-06-24T11:39:37.031Z",
    "is_active": false,
    "created_by": "814ac1e2-6159-4e8a-a30a-eed4c8f266d4",
    "farm": "1359a817-9ea7-4c67-9355-af8eb5ef462f",
    "invoice_no": "111",
    "date": "2026-06-18",
    "quantity": "1.00",
    "unit": "j",
    "unit_price": "84.00",
    "total_amount": "84.00",
    "status": "PENDING",
    "approved_by": null,
    "is_paid": false,
    "notes": "",
    "bill_file": "finance/bills/purchases/Screenshot_12_QRXFiSo.png",
    "employee": null
  }
},
{
  "model": "finance.ledgerentry",
  "pk": "02838670-ccd8-41b7-8d06-6cd3fb01d57c",
  "fields": {
    "created_at": "2026-06-21T05:44:46.675Z",
    "updated_at": "2026-06-21T05:44:46.675Z",
    "is_active": true,
    "created_by": null,
    "farm": "c1abee3a-865e-4d4c-837a-44eb4d4f552a",
    "entry_type": "DEBIT",
    "account": "PURCHASE",
    "amount": "1098.00",
    "date": "2026-07-08",
    "reference": "11",
    "description": "ws",
    "source_type": "purchase",
    "source_id": "2145968c-672f-4d89-9e28-3274ffe2b3ef"
  }
},
{
  "model": "finance.ledgerentry",
  "pk": "086b6046-c328-4321-b24f-e67ef1c8a9cc",
  "fields": {
    "created_at": "2026-06-19T10:29:47.221Z",
    "updated_at": "2026-06-19T10:29:47.221Z",
    "is_active": true,
    "created_by": "613628b5-9ae8-4768-8a3b-05601cf5d738",
    "farm": "c1abee3a-865e-4d4c-837a-44eb4d4f552a",
    "entry_type": "CREDIT",
    "account": "SALE",
    "amount": "460.00",
    "date": "2026-07-04",
    "reference": "Sale ce6cb732-6acf-45af-9229-16e52c99b57a",
    "description": "Sale to Manager Rajput",
    "source_type": "sale",
    "source_id": "ce6cb732-6acf-45af-9229-16e52c99b57a"
  }
},
{
  "model": "finance.ledgerentry",
  "pk": "0e16ccf7-83cc-45b6-a423-18fd8b7194c7",
  "fields": {
    "created_at": "2026-06-22T12:38:23.811Z",
    "updated_at": "2026-06-22T12:38:23.811Z",
    "is_active": true,
    "created_by": null,
    "farm": "c1abee3a-865e-4d4c-837a-44eb4d4f552a",
    "entry_type": "CREDIT",
    "account": "SALE",
    "amount": "11964.00",
    "date": "2026-06-26",
    "reference": "Sale 29de7987-8f7f-415e-bac1-440b153b0012",
    "description": "Sale to sae",
    "source_type": "sale",
    "source_id": "29de7987-8f7f-415e-bac1-440b153b0012"
  }
},
{
  "model": "finance.ledgerentry",
  "pk": "1f4aaadf-bd0a-438f-a792-44f7e9439fcf",
  "fields": {
    "created_at": "2026-06-21T07:09:06.265Z",
    "updated_at": "2026-06-21T07:09:06.265Z",
    "is_active": true,
    "created_by": null,
    "farm": "1359a817-9ea7-4c67-9355-af8eb5ef462f",
    "entry_type": "CREDIT",
    "account": "SALE",
    "amount": "20.00",
    "date": "2026-06-04",
    "reference": "Sale eb528386-28a9-418b-950a-e563756847b9",
    "description": "Sale to prince ajagiya",
    "source_type": "sale",
    "source_id": "eb528386-28a9-418b-950a-e563756847b9"
  }
},
{
  "model": "finance.ledgerentry",
  "pk": "22c77c84-b453-4df5-ada4-2255fbdc7e00",
  "fields": {
    "created_at": "2026-06-21T05:44:45.877Z",
    "updated_at": "2026-06-21T05:44:45.877Z",
    "is_active": true,
    "created_by": null,
    "farm": "c1abee3a-865e-4d4c-837a-44eb4d4f552a",
    "entry_type": "DEBIT",
    "account": "PURCHASE",
    "amount": "1098.00",
    "date": "2026-07-08",
    "reference": "11",
    "description": "ws",
    "source_type": "purchase",
    "source_id": "2145968c-672f-4d89-9e28-3274ffe2b3ef"
  }
},
{
  "model": "finance.ledgerentry",
  "pk": "250e4ca5-4133-4903-a565-331842da7939",
  "fields": {
    "created_at": "2026-06-22T07:42:20.105Z",
    "updated_at": "2026-06-22T07:42:20.105Z",
    "is_active": true,
    "created_by": null,
    "farm": "1359a817-9ea7-4c67-9355-af8eb5ef462f",
    "entry_type": "CREDIT",
    "account": "PAYMENT",
    "amount": "20000.00",
    "date": "2026-06-25",
    "reference": "123123",
    "description": "Payment via CASH",
    "source_type": "payment",
    "source_id": "177b526e-2a73-4e09-b83d-215d8aba9f25"
  }
},
{
  "model": "finance.ledgerentry",
  "pk": "28648f8b-4ea0-4968-9376-49f98f6ef5e1",
  "fields": {
    "created_at": "2026-06-19T12:45:54.261Z",
    "updated_at": "2026-06-19T12:45:54.262Z",
    "is_active": true,
    "created_by": null,
    "farm": "c1abee3a-865e-4d4c-837a-44eb4d4f552a",
    "entry_type": "CREDIT",
    "account": "OTHER",
    "amount": "1222.00",
    "date": "2026-06-20",
    "reference": "Revenue 3346b033-101f-487d-9c33-f8b6ff4e7513",
    "description": "no",
    "source_type": "revenue",
    "source_id": "3346b033-101f-487d-9c33-f8b6ff4e7513"
  }
},
{
  "model": "finance.ledgerentry",
  "pk": "3d68ea81-0e93-44dd-aba2-f5db30d55ea3",
  "fields": {
    "created_at": "2026-06-22T12:41:39.574Z",
    "updated_at": "2026-06-22T12:41:39.574Z",
    "is_active": true,
    "created_by": null,
    "farm": "c1abee3a-865e-4d4c-837a-44eb4d4f552a",
    "entry_type": "CREDIT",
    "account": "PAYMENT",
    "amount": "61.00",
    "date": "2026-06-24",
    "reference": "",
    "description": "Payment via UPI",
    "source_type": "payment",
    "source_id": "51129513-eb68-4692-bec4-0c48d4cf7b80"
  }
},
{
  "model": "finance.ledgerentry",
  "pk": "3d70ce5e-5900-48e3-8ed1-e0a27a1b57ab",
  "fields": {
    "created_at": "2026-06-25T08:48:47.937Z",
    "updated_at": "2026-06-25T08:48:47.938Z",
    "is_active": true,
    "created_by": "754efd9b-9266-4f35-9fb1-bffe73e7590b",
    "farm": "1359a817-9ea7-4c67-9355-af8eb5ef462f",
    "entry_type": "DEBIT",
    "account": "PURCHASE",
    "amount": "0.00",
    "date": "2026-06-26",
    "reference": "Purchase c464a813-0f57-451b-a22a-c18540d2ef8b",
    "description": "",
    "source_type": "purchase",
    "source_id": "c464a813-0f57-451b-a22a-c18540d2ef8b"
  }
},
{
  "model": "finance.ledgerentry",
  "pk": "4821f35d-5453-4cb1-90ef-025f49d7394b",
  "fields": {
    "created_at": "2026-06-25T07:17:18.723Z",
    "updated_at": "2026-06-25T07:17:18.723Z",
    "is_active": true,
    "created_by": null,
    "farm": "c1abee3a-865e-4d4c-837a-44eb4d4f552a",
    "entry_type": "CREDIT",
    "account": "SALE",
    "amount": "623.00",
    "date": "2026-06-24",
    "reference": "Sale 857984e3-8efb-4e87-b522-55720e569fcd",
    "description": "Sale to prince ajagiya",
    "source_type": "sale",
    "source_id": "857984e3-8efb-4e87-b522-55720e569fcd"
  }
},
{
  "model": "finance.ledgerentry",
  "pk": "559ff740-8ec6-4806-9450-0b6685101095",
  "fields": {
    "created_at": "2026-06-18T13:50:02.188Z",
    "updated_at": "2026-06-18T13:50:02.188Z",
    "is_active": true,
    "created_by": null,
    "farm": "c1abee3a-865e-4d4c-837a-44eb4d4f552a",
    "entry_type": "DEBIT",
    "account": "FUEL",
    "amount": "3500.00",
    "date": "2026-06-18",
    "reference": "Expense 399f60ce-b92c-4288-80f9-4ccdee1a658b",
    "description": "Diesel for tractor",
    "source_type": "expense",
    "source_id": "399f60ce-b92c-4288-80f9-4ccdee1a658b"
  }
},
{
  "model": "finance.ledgerentry",
  "pk": "66af1650-012d-48dc-af6c-b9e2112c7d4f",
  "fields": {
    "created_at": "2026-06-24T09:44:59.944Z",
    "updated_at": "2026-06-24T09:44:59.944Z",
    "is_active": true,
    "created_by": null,
    "farm": "1359a817-9ea7-4c67-9355-af8eb5ef462f",
    "entry_type": "DEBIT",
    "account": "UTILITIES",
    "amount": "5000.00",
    "date": "2026-06-18",
    "reference": "Expense e19dff6b-ecfc-44dc-8916-26e510e38d76",
    "description": "nhu",
    "source_type": "expense",
    "source_id": "e19dff6b-ecfc-44dc-8916-26e510e38d76"
  }
},
{
  "model": "finance.ledgerentry",
  "pk": "6a890a3b-04e8-4406-893a-42e26c314612",
  "fields": {
    "created_at": "2026-06-25T09:09:51.638Z",
    "updated_at": "2026-06-25T09:09:51.638Z",
    "is_active": true,
    "created_by": "754efd9b-9266-4f35-9fb1-bffe73e7590b",
    "farm": "1359a817-9ea7-4c67-9355-af8eb5ef462f",
    "entry_type": "DEBIT",
    "account": "PURCHASE",
    "amount": "1100.00",
    "date": "2026-06-25",
    "reference": "53665",
    "description": "no",
    "source_type": "purchase",
    "source_id": "614afd73-8132-4227-8a71-5e4755b774f2"
  }
},
{
  "model": "finance.ledgerentry",
  "pk": "7c59adcd-6604-484a-ae7e-d55d0c273bbb",
  "fields": {
    "created_at": "2026-06-21T05:44:45.059Z",
    "updated_at": "2026-06-21T05:44:45.060Z",
    "is_active": true,
    "created_by": null,
    "farm": "c1abee3a-865e-4d4c-837a-44eb4d4f552a",
    "entry_type": "DEBIT",
    "account": "PURCHASE",
    "amount": "1098.00",
    "date": "2026-07-08",
    "reference": "11",
    "description": "ws",
    "source_type": "purchase",
    "source_id": "2145968c-672f-4d89-9e28-3274ffe2b3ef"
  }
},
{
  "model": "finance.ledgerentry",
  "pk": "83d2bd38-16c8-4d8b-b4ba-70926a77f5b7",
  "fields": {
    "created_at": "2026-06-24T09:45:01.597Z",
    "updated_at": "2026-06-24T09:45:01.597Z",
    "is_active": true,
    "created_by": null,
    "farm": "c1abee3a-865e-4d4c-837a-44eb4d4f552a",
    "entry_type": "DEBIT",
    "account": "MAINTENANCE",
    "amount": "2000.00",
    "date": "2026-06-02",
    "reference": "Expense e04b6e5b-d71c-4ff6-8405-45fc95a5ee69",
    "description": "nhuhn",
    "source_type": "expense",
    "source_id": "e04b6e5b-d71c-4ff6-8405-45fc95a5ee69"
  }
},
{
  "model": "finance.ledgerentry",
  "pk": "8a24d26e-170b-4d91-a339-e7c066650a56",
  "fields": {
    "created_at": "2026-06-22T07:30:49.588Z",
    "updated_at": "2026-06-22T07:30:49.589Z",
    "is_active": true,
    "created_by": null,
    "farm": "c1abee3a-865e-4d4c-837a-44eb4d4f552a",
    "entry_type": "CREDIT",
    "account": "HARVEST_SALE",
    "amount": "169.00",
    "date": "2026-06-17",
    "reference": "Revenue f835af42-ea4a-4299-9dc9-9fc7df48e372",
    "description": "njhgfghj",
    "source_type": "revenue",
    "source_id": "f835af42-ea4a-4299-9dc9-9fc7df48e372"
  }
},
{
  "model": "finance.ledgerentry",
  "pk": "96de8af4-32b4-40bb-9ef7-bda8fbb626fb",
  "fields": {
    "created_at": "2026-06-25T07:14:28.147Z",
    "updated_at": "2026-06-25T07:14:28.147Z",
    "is_active": true,
    "created_by": null,
    "farm": "1359a817-9ea7-4c67-9355-af8eb5ef462f",
    "entry_type": "DEBIT",
    "account": "PURCHASE",
    "amount": "11.00",
    "date": "2026-06-25",
    "reference": "1212",
    "description": "pivi hati",
    "source_type": "purchase",
    "source_id": "9619f34f-42cb-44b2-9cd2-983fa0a56bf4"
  }
},
{
  "model": "finance.ledgerentry",
  "pk": "9f997682-469b-4e0c-a319-9f10bd11a5e7",
  "fields": {
    "created_at": "2026-06-25T07:24:26.854Z",
    "updated_at": "2026-06-25T07:24:26.854Z",
    "is_active": true,
    "created_by": null,
    "farm": "c1abee3a-865e-4d4c-837a-44eb4d4f552a",
    "entry_type": "DEBIT",
    "account": "PURCHASE",
    "amount": "1559.00",
    "date": "2026-06-24",
    "reference": "Purchase 1efd31b1-ea45-4f96-abde-be7310ba9801",
    "description": "",
    "source_type": "purchase",
    "source_id": "1efd31b1-ea45-4f96-abde-be7310ba9801"
  }
},
{
  "model": "finance.ledgerentry",
  "pk": "a8f2ca30-ac3c-44a1-ae43-19a08acb09d6",
  "fields": {
    "created_at": "2026-06-25T11:43:05.874Z",
    "updated_at": "2026-06-25T11:43:05.875Z",
    "is_active": true,
    "created_by": "7a30e618-f87b-47ee-bb6a-f8b799e912cd",
    "farm": "1359a817-9ea7-4c67-9355-af8eb5ef462f",
    "entry_type": "DEBIT",
    "account": "PURCHASE",
    "amount": "99.00",
    "date": "2026-06-24",
    "reference": "1223342",
    "description": "bgh",
    "source_type": "purchase",
    "source_id": "26444e31-337c-437b-9667-063ca9fe8806"
  }
},
{
  "model": "finance.ledgerentry",
  "pk": "bf9ba375-6dd3-434b-8809-b01098b29140",
  "fields": {
    "created_at": "2026-06-24T09:44:57.798Z",
    "updated_at": "2026-06-24T09:44:57.798Z",
    "is_active": true,
    "created_by": null,
    "farm": "c1abee3a-865e-4d4c-837a-44eb4d4f552a",
    "entry_type": "DEBIT",
    "account": "FUEL",
    "amount": "3500.00",
    "date": "2026-06-21",
    "reference": "Expense 945f0e4b-ba28-416e-83ab-3b3f0faa5704",
    "description": "Diesel for tractor",
    "source_type": "expense",
    "source_id": "945f0e4b-ba28-416e-83ab-3b3f0faa5704"
  }
},
{
  "model": "finance.ledgerentry",
  "pk": "caec683f-840e-4287-8017-5a4f8d1a900a",
  "fields": {
    "created_at": "2026-06-19T12:37:18.662Z",
    "updated_at": "2026-06-19T12:37:18.663Z",
    "is_active": true,
    "created_by": null,
    "farm": "c1abee3a-865e-4d4c-837a-44eb4d4f552a",
    "entry_type": "CREDIT",
    "account": "PAYMENT",
    "amount": "6665.00",
    "date": "2026-06-18",
    "reference": "",
    "description": "Payment via BANK",
    "source_type": "payment",
    "source_id": "c56db84a-ffea-41c8-920d-775782493e81"
  }
},
{
  "model": "finance.ledgerentry",
  "pk": "d7fe3526-ea78-43b7-b77d-3de310c37197",
  "fields": {
    "created_at": "2026-06-22T12:40:25.721Z",
    "updated_at": "2026-06-22T12:40:25.721Z",
    "is_active": true,
    "created_by": null,
    "farm": "c1abee3a-865e-4d4c-837a-44eb4d4f552a",
    "entry_type": "CREDIT",
    "account": "PAYMENT",
    "amount": "11999.00",
    "date": "2026-06-11",
    "reference": "12000",
    "description": "Payment via UPI",
    "source_type": "payment",
    "source_id": "58103393-14fa-4c39-8eba-f97c0ee75cd4"
  }
},
{
  "model": "finance.ledgerentry",
  "pk": "d9bd048c-a75f-4431-9ecb-a905502efd5e",
  "fields": {
    "created_at": "2026-06-21T05:42:52.207Z",
    "updated_at": "2026-06-21T05:42:52.207Z",
    "is_active": true,
    "created_by": null,
    "farm": "1359a817-9ea7-4c67-9355-af8eb5ef462f",
    "entry_type": "CREDIT",
    "account": "SALE",
    "amount": "86304.00",
    "date": "2026-07-01",
    "reference": "Sale 0f06f9b1-97f9-4b1a-8121-1c710a8317d0",
    "description": "Sale to prince ajagiya",
    "source_type": "sale",
    "source_id": "0f06f9b1-97f9-4b1a-8121-1c710a8317d0"
  }
},
{
  "model": "finance.ledgerentry",
  "pk": "f185a46c-cc14-4d5d-a757-8566c64cb7a5",
  "fields": {
    "created_at": "2026-06-25T07:26:13.709Z",
    "updated_at": "2026-06-25T07:26:13.709Z",
    "is_active": true,
    "created_by": null,
    "farm": "c1abee3a-865e-4d4c-837a-44eb4d4f552a",
    "entry_type": "CREDIT",
    "account": "SALE",
    "amount": "7429.00",
    "date": "2026-06-12",
    "reference": "Sale 9fed6ec9-f0fa-4e22-8148-28238017551b",
    "description": "Sale to prince ajagiya",
    "source_type": "sale",
    "source_id": "9fed6ec9-f0fa-4e22-8148-28238017551b"
  }
},
{
  "model": "finance.ledgerentry",
  "pk": "f7157495-53f0-40f5-bc97-c24ff5d1e947",
  "fields": {
    "created_at": "2026-06-19T06:53:46.549Z",
    "updated_at": "2026-06-19T06:53:46.549Z",
    "is_active": true,
    "created_by": null,
    "farm": "c1abee3a-865e-4d4c-837a-44eb4d4f552a",
    "entry_type": "CREDIT",
    "account": "SALE",
    "amount": "9.00",
    "date": "2026-06-19",
    "reference": "Sale adafe05b-103a-4d77-94b7-fac186d79cba",
    "description": "Sale to Worker",
    "source_type": "sale",
    "source_id": "adafe05b-103a-4d77-94b7-fac186d79cba"
  }
},
{
  "model": "finance.ledgerentry",
  "pk": "f88d0a54-40e3-4a21-955d-a9c35b6d669a",
  "fields": {
    "created_at": "2026-06-25T08:49:51.137Z",
    "updated_at": "2026-06-25T08:49:51.137Z",
    "is_active": true,
    "created_by": "754efd9b-9266-4f35-9fb1-bffe73e7590b",
    "farm": "1359a817-9ea7-4c67-9355-af8eb5ef462f",
    "entry_type": "DEBIT",
    "account": "PURCHASE",
    "amount": "10000.00",
    "date": "2026-06-20",
    "reference": "32",
    "description": "",
    "source_type": "purchase",
    "source_id": "bf3ec947-ef72-4d52-a222-ff6a77dde724"
  }
},
{
  "model": "finance.payment",
  "pk": "177b526e-2a73-4e09-b83d-215d8aba9f25",
  "fields": {
    "created_at": "2026-06-22T07:42:19.881Z",
    "updated_at": "2026-06-22T07:42:19.881Z",
    "is_active": false,
    "created_by": null,
    "farm": "1359a817-9ea7-4c67-9355-af8eb5ef462f",
    "expense": "e19dff6b-ecfc-44dc-8916-26e510e38d76",
    "purchase": null,
    "amount": "20000.00",
    "date": "2026-06-25",
    "mode": "CASH",
    "reference": "123123",
    "is_advance": true,
    "bill_file": "finance/bills/payments/Screenshot_4.png",
    "employee": null
  }
},
{
  "model": "finance.payment",
  "pk": "51129513-eb68-4692-bec4-0c48d4cf7b80",
  "fields": {
    "created_at": "2026-06-22T12:41:39.311Z",
    "updated_at": "2026-06-22T12:41:39.311Z",
    "is_active": false,
    "created_by": null,
    "farm": "c1abee3a-865e-4d4c-837a-44eb4d4f552a",
    "expense": "e19dff6b-ecfc-44dc-8916-26e510e38d76",
    "purchase": null,
    "amount": "61.00",
    "date": "2026-06-24",
    "mode": "UPI",
    "reference": "",
    "is_advance": true,
    "bill_file": "",
    "employee": null
  }
},
{
  "model": "finance.payment",
  "pk": "58103393-14fa-4c39-8eba-f97c0ee75cd4",
  "fields": {
    "created_at": "2026-06-22T12:40:25.343Z",
    "updated_at": "2026-06-22T12:40:25.343Z",
    "is_active": false,
    "created_by": null,
    "farm": "c1abee3a-865e-4d4c-837a-44eb4d4f552a",
    "expense": "e19dff6b-ecfc-44dc-8916-26e510e38d76",
    "purchase": null,
    "amount": "11999.00",
    "date": "2026-06-11",
    "mode": "UPI",
    "reference": "12000",
    "is_advance": true,
    "bill_file": "finance/bills/payments/Screenshot_5.png",
    "employee": null
  }
},
{
  "model": "finance.payment",
  "pk": "c56db84a-ffea-41c8-920d-775782493e81",
  "fields": {
    "created_at": "2026-06-19T12:37:18.091Z",
    "updated_at": "2026-06-19T12:37:18.092Z",
    "is_active": false,
    "created_by": null,
    "farm": "c1abee3a-865e-4d4c-837a-44eb4d4f552a",
    "expense": null,
    "purchase": null,
    "amount": "6665.00",
    "date": "2026-06-18",
    "mode": "BANK",
    "reference": "",
    "is_advance": true,
    "bill_file": "finance/bills/payments/Screenshot_14.png",
    "employee": null
  }
},
{
  "model": "finance.revenueentry",
  "pk": "3346b033-101f-487d-9c33-f8b6ff4e7513",
  "fields": {
    "created_at": "2026-06-19T12:45:53.721Z",
    "updated_at": "2026-06-19T12:45:53.721Z",
    "is_active": true,
    "created_by": null,
    "farm": "c1abee3a-865e-4d4c-837a-44eb4d4f552a",
    "source": "OTHER",
    "amount": "1222.00",
    "date": "2026-06-20",
    "description": "no"
  }
},
{
  "model": "finance.revenueentry",
  "pk": "f835af42-ea4a-4299-9dc9-9fc7df48e372",
  "fields": {
    "created_at": "2026-06-22T07:30:49.419Z",
    "updated_at": "2026-06-22T07:30:49.419Z",
    "is_active": true,
    "created_by": null,
    "farm": "c1abee3a-865e-4d4c-837a-44eb4d4f552a",
    "source": "HARVEST_SALE",
    "amount": "169.00",
    "date": "2026-06-17",
    "description": "njhgfghj"
  }
},
{
  "model": "finance.costcenter",
  "pk": "13b772a2-f3d6-46ee-a3d3-2534baf89da4",
  "fields": {
    "created_at": "2026-06-21T05:54:29.275Z",
    "updated_at": "2026-06-21T05:54:29.276Z",
    "is_active": false,
    "created_by": null,
    "farm": "1359a817-9ea7-4c67-9355-af8eb5ef462f",
    "name": "fdg",
    "code": "gdgfgf",
    "description": "dsgdf",
    "amount": "0.00",
    "bill_file": ""
  }
},
{
  "model": "finance.costcenter",
  "pk": "9b700d63-8a42-45d9-af8c-898dd4ae636b",
  "fields": {
    "created_at": "2026-06-22T07:42:43.896Z",
    "updated_at": "2026-06-24T07:10:13.425Z",
    "is_active": false,
    "created_by": null,
    "farm": "c1abee3a-865e-4d4c-837a-44eb4d4f552a",
    "name": "xv",
    "code": "",
    "description": "sdfs",
    "amount": "88.00",
    "bill_file": "finance/bills/costcenters/Screenshot_5.png"
  }
},
{
  "model": "finance.budget",
  "pk": "e20eed8c-cbe4-49d1-a60b-7b3aeeeceb62",
  "fields": {
    "created_at": "2026-06-21T06:19:24.739Z",
    "updated_at": "2026-06-21T06:19:24.739Z",
    "is_active": true,
    "created_by": null,
    "farm": "1359a817-9ea7-4c67-9355-af8eb5ef462f",
    "cost_center": "13b772a2-f3d6-46ee-a3d3-2534baf89da4",
    "category": "FUEL",
    "fiscal_year": 2026,
    "month": 6,
    "allocated_amount": "1108.00",
    "notes": "hgg"
  }
},
{
  "model": "finance.sale",
  "pk": "0f06f9b1-97f9-4b1a-8121-1c710a8317d0",
  "fields": {
    "created_at": "2026-06-21T05:42:51.528Z",
    "updated_at": "2026-06-21T05:42:51.528Z",
    "is_active": false,
    "created_by": null,
    "farm": "1359a817-9ea7-4c67-9355-af8eb5ef462f",
    "crop": "f19a3c2e-deb8-4a87-b6a5-0e94db9b2416",
    "buyer": "prince ajagiya",
    "quantity": "899.00",
    "unit": "kg",
    "unit_price": "96.00",
    "amount": "86304.00",
    "date": "2026-07-01",
    "notes": "",
    "bill_file": "finance/bills/sales/Screenshot_14_0Mqpbht.png",
    "employee": null
  }
},
{
  "model": "finance.sale",
  "pk": "29de7987-8f7f-415e-bac1-440b153b0012",
  "fields": {
    "created_at": "2026-06-22T12:38:23.494Z",
    "updated_at": "2026-06-22T12:38:23.494Z",
    "is_active": false,
    "created_by": null,
    "farm": "c1abee3a-865e-4d4c-837a-44eb4d4f552a",
    "crop": "20bb427f-9e5a-4248-ab47-c7fe840a0b5b",
    "buyer": "sae",
    "quantity": "12.00",
    "unit": "12",
    "unit_price": "997.00",
    "amount": "11964.00",
    "date": "2026-06-26",
    "notes": "rtjyku",
    "bill_file": "finance/bills/sales/Screenshot_2.png",
    "employee": null
  }
},
{
  "model": "finance.sale",
  "pk": "857984e3-8efb-4e87-b522-55720e569fcd",
  "fields": {
    "created_at": "2026-06-25T07:17:18.703Z",
    "updated_at": "2026-06-25T07:17:18.703Z",
    "is_active": false,
    "created_by": null,
    "farm": "c1abee3a-865e-4d4c-837a-44eb4d4f552a",
    "crop": "2499949f-04dd-483e-9c1e-97fb0e47b374",
    "buyer": "prince ajagiya",
    "quantity": "89.00",
    "unit": "kh",
    "unit_price": "7.00",
    "amount": "623.00",
    "date": "2026-06-24",
    "notes": "",
    "bill_file": "",
    "employee": null
  }
},
{
  "model": "finance.sale",
  "pk": "9fed6ec9-f0fa-4e22-8148-28238017551b",
  "fields": {
    "created_at": "2026-06-25T07:26:13.681Z",
    "updated_at": "2026-06-25T07:26:13.682Z",
    "is_active": false,
    "created_by": null,
    "farm": "c1abee3a-865e-4d4c-837a-44eb4d4f552a",
    "crop": null,
    "buyer": "prince ajagiya",
    "quantity": "23.00",
    "unit": "we",
    "unit_price": "323.00",
    "amount": "7429.00",
    "date": "2026-06-12",
    "notes": "",
    "bill_file": "",
    "employee": null
  }
},
{
  "model": "finance.sale",
  "pk": "adafe05b-103a-4d77-94b7-fac186d79cba",
  "fields": {
    "created_at": "2026-06-19T06:53:46.243Z",
    "updated_at": "2026-06-19T06:53:46.243Z",
    "is_active": false,
    "created_by": null,
    "farm": "c1abee3a-865e-4d4c-837a-44eb4d4f552a",
    "crop": "f19a3c2e-deb8-4a87-b6a5-0e94db9b2416",
    "buyer": "Worker",
    "quantity": "3.00",
    "unit": "Kg",
    "unit_price": "3.00",
    "amount": "9.00",
    "date": "2026-06-19",
    "notes": "",
    "bill_file": "finance/bills/sales/17818520014032825643581943381344.jpg",
    "employee": null
  }
},
{
  "model": "finance.sale",
  "pk": "ce6cb732-6acf-45af-9229-16e52c99b57a",
  "fields": {
    "created_at": "2026-06-19T10:29:46.765Z",
    "updated_at": "2026-06-19T10:29:46.765Z",
    "is_active": false,
    "created_by": "613628b5-9ae8-4768-8a3b-05601cf5d738",
    "farm": "c1abee3a-865e-4d4c-837a-44eb4d4f552a",
    "crop": "f19a3c2e-deb8-4a87-b6a5-0e94db9b2416",
    "buyer": "Manager Rajput",
    "quantity": "23.00",
    "unit": "sfd2",
    "unit_price": "20.00",
    "amount": "460.00",
    "date": "2026-07-04",
    "notes": "",
    "bill_file": "finance/bills/sales/Screenshot_13_JPQGGqj.png",
    "employee": null
  }
},
{
  "model": "finance.sale",
  "pk": "eb528386-28a9-418b-950a-e563756847b9",
  "fields": {
    "created_at": "2026-06-21T07:09:06.023Z",
    "updated_at": "2026-06-21T07:09:06.023Z",
    "is_active": false,
    "created_by": null,
    "farm": "1359a817-9ea7-4c67-9355-af8eb5ef462f",
    "crop": "f19a3c2e-deb8-4a87-b6a5-0e94db9b2416",
    "buyer": "prince ajagiya",
    "quantity": "20.00",
    "unit": "12",
    "unit_price": "1.00",
    "amount": "20.00",
    "date": "2026-06-04",
    "notes": "",
    "bill_file": "finance/bills/sales/Screenshot_12.png",
    "employee": null
  }
},
{
  "model": "gps.geofence",
  "pk": "7b1ce4d8-6a14-48e2-9eb4-aa1b588c50c9",
  "fields": {
    "created_at": "2026-06-26T12:38:46.319Z",
    "updated_at": "2026-06-26T12:38:46.319Z",
    "is_active": true,
    "farm": "1359a817-9ea7-4c67-9355-af8eb5ef462f",
    "name": "office",
    "polygon": [],
    "center_lat": "23.114196",
    "center_lng": "72.540483",
    "radius_m": 100
  }
},
{
  "model": "gps.geofence",
  "pk": "ded9a328-3804-443c-9b14-2327fe851480",
  "fields": {
    "created_at": "2026-06-26T14:08:07.190Z",
    "updated_at": "2026-06-26T14:08:07.190Z",
    "is_active": true,
    "farm": "8904bc5f-155e-4586-8eb2-80b8604689c3",
    "name": "sss",
    "polygon": [],
    "center_lat": "12.222200",
    "center_lng": "23.333300",
    "radius_m": 0
  }
},
{
  "model": "gps.geofence",
  "pk": "e6aca497-e42b-4fd5-b6c7-d8dc70737e1d",
  "fields": {
    "created_at": "2026-06-26T14:13:45.466Z",
    "updated_at": "2026-06-26T14:13:45.467Z",
    "is_active": true,
    "farm": "61f13c11-d266-47d0-a4da-85b32c4ced3d",
    "name": "risingyeti",
    "polygon": [],
    "center_lat": "23.114200",
    "center_lng": "71.540000",
    "radius_m": 0
  }
},
{
  "model": "gps.geofence",
  "pk": "ed1adb96-481f-4310-874a-70d4993fa89f",
  "fields": {
    "created_at": "2026-06-26T14:09:11.011Z",
    "updated_at": "2026-06-26T14:09:11.011Z",
    "is_active": true,
    "farm": "dbad3c0a-3459-413b-b5b1-61278757856c",
    "name": "xyz",
    "polygon": [],
    "center_lat": "23.001200",
    "center_lng": "72.723900",
    "radius_m": 0
  }
},
{
  "model": "gps.locationping",
  "pk": "00c434d5-eff9-4b73-80b4-772579238a87",
  "fields": {
    "created_at": "2026-06-26T18:06:20.356Z",
    "updated_at": "2026-06-26T18:06:20.356Z",
    "is_active": true,
    "created_by": "7a30e618-f87b-47ee-bb6a-f8b799e912cd",
    "user": "7a30e618-f87b-47ee-bb6a-f8b799e912cd",
    "farm": "1359a817-9ea7-4c67-9355-af8eb5ef462f",
    "latitude": "23.073014",
    "longitude": "72.559693",
    "accuracy": null,
    "activity": "DURING_WORK",
    "task": null,
    "photo": "location_pings/eyestation_wbwT7hC.jpg",
    "recorded_at": "2026-06-26T18:06:20.354Z"
  }
},
{
  "model": "gps.locationping",
  "pk": "1a5db3bb-1a45-4ef9-a2b4-b6832b7ecf9d",
  "fields": {
    "created_at": "2026-06-21T17:51:39.842Z",
    "updated_at": "2026-06-21T17:51:39.842Z",
    "is_active": false,
    "created_by": "540b373b-dbd6-4afe-bc5c-6e95d9811a3b",
    "user": "540b373b-dbd6-4afe-bc5c-6e95d9811a3b",
    "farm": null,
    "latitude": "23.072979",
    "longitude": "72.559644",
    "accuracy": "101.000000",
    "activity": "CHECKIN",
    "task": null,
    "photo": "",
    "recorded_at": "2026-06-21T17:51:39.841Z"
  }
},
{
  "model": "gps.locationping",
  "pk": "1aa9e50f-616c-4d3b-a7fe-4537428fb7de",
  "fields": {
    "created_at": "2026-06-24T10:06:48.372Z",
    "updated_at": "2026-06-24T10:06:48.372Z",
    "is_active": true,
    "created_by": "814ac1e2-6159-4e8a-a30a-eed4c8f266d4",
    "user": "814ac1e2-6159-4e8a-a30a-eed4c8f266d4",
    "farm": "c1abee3a-865e-4d4c-837a-44eb4d4f552a",
    "latitude": "23.114201",
    "longitude": "72.540493",
    "accuracy": null,
    "activity": "CHECKIN",
    "task": null,
    "photo": "location_pings/IMG_1453.HEIC",
    "recorded_at": "2026-06-24T10:06:48.323Z"
  }
},
{
  "model": "gps.locationping",
  "pk": "1d791fb2-0835-4dd7-9ff6-e55d356b6dd2",
  "fields": {
    "created_at": "2026-06-26T18:05:29.746Z",
    "updated_at": "2026-06-26T18:05:29.746Z",
    "is_active": true,
    "created_by": "7a30e618-f87b-47ee-bb6a-f8b799e912cd",
    "user": "7a30e618-f87b-47ee-bb6a-f8b799e912cd",
    "farm": "1359a817-9ea7-4c67-9355-af8eb5ef462f",
    "latitude": "23.072894",
    "longitude": "72.559611",
    "accuracy": null,
    "activity": "CHECKIN",
    "task": null,
    "photo": "location_pings/eyestation.jpg",
    "recorded_at": "2026-06-26T18:05:29.736Z"
  }
},
{
  "model": "gps.locationping",
  "pk": "1eb69e7f-210a-4df0-b29e-ca1dfbc25b91",
  "fields": {
    "created_at": "2026-06-21T17:48:07.118Z",
    "updated_at": "2026-06-21T17:48:07.118Z",
    "is_active": false,
    "created_by": "540b373b-dbd6-4afe-bc5c-6e95d9811a3b",
    "user": "540b373b-dbd6-4afe-bc5c-6e95d9811a3b",
    "farm": null,
    "latitude": "23.072928",
    "longitude": "72.559478",
    "accuracy": "89.000000",
    "activity": "CHECKIN",
    "task": null,
    "photo": "",
    "recorded_at": "2026-06-21T17:48:07.110Z"
  }
},
{
  "model": "gps.locationping",
  "pk": "2108ffd1-1635-4602-8f89-5fb44446a95a",
  "fields": {
    "created_at": "2026-06-22T08:17:26.977Z",
    "updated_at": "2026-06-22T08:17:26.977Z",
    "is_active": true,
    "created_by": "b1e91215-8b87-41cb-b0d6-f80ff430f912",
    "user": "b1e91215-8b87-41cb-b0d6-f80ff430f912",
    "farm": "c1abee3a-865e-4d4c-837a-44eb4d4f552a",
    "latitude": "23.114196",
    "longitude": "72.540474",
    "accuracy": null,
    "activity": "CHECKIN",
    "task": null,
    "photo": "location_pings/Screenshot_5.png",
    "recorded_at": "2026-06-22T08:17:26.819Z"
  }
},
{
  "model": "gps.locationping",
  "pk": "22de2f20-b1c9-4c75-b694-4c2341a826d9",
  "fields": {
    "created_at": "2026-06-26T12:20:52.149Z",
    "updated_at": "2026-06-26T12:20:52.149Z",
    "is_active": true,
    "created_by": "7a30e618-f87b-47ee-bb6a-f8b799e912cd",
    "user": "7a30e618-f87b-47ee-bb6a-f8b799e912cd",
    "farm": "1359a817-9ea7-4c67-9355-af8eb5ef462f",
    "latitude": "23.114262",
    "longitude": "72.540521",
    "accuracy": null,
    "activity": "CHECKIN",
    "task": null,
    "photo": "location_pings/133892603375452839_tBgxegH.jpg",
    "recorded_at": "2026-06-26T12:20:52.124Z"
  }
},
{
  "model": "gps.locationping",
  "pk": "307fcec0-b671-4ede-b35d-2377cad6fac0",
  "fields": {
    "created_at": "2026-06-26T19:09:24.071Z",
    "updated_at": "2026-06-26T19:09:24.071Z",
    "is_active": true,
    "created_by": "7a30e618-f87b-47ee-bb6a-f8b799e912cd",
    "user": "7a30e618-f87b-47ee-bb6a-f8b799e912cd",
    "farm": "1359a817-9ea7-4c67-9355-af8eb5ef462f",
    "latitude": "23.073115",
    "longitude": "72.559789",
    "accuracy": null,
    "activity": "DURING_WORK",
    "task": null,
    "photo": "location_pings/DSC_0039.JPG",
    "recorded_at": "2026-06-26T19:09:24.068Z"
  }
},
{
  "model": "gps.locationping",
  "pk": "327fe546-da9b-4f06-ae69-3311bd23ca76",
  "fields": {
    "created_at": "2026-06-24T14:04:13.512Z",
    "updated_at": "2026-06-24T14:04:13.512Z",
    "is_active": true,
    "created_by": "dffb0e83-06f3-405b-9b6e-0e44e6b6a529",
    "user": "dffb0e83-06f3-405b-9b6e-0e44e6b6a529",
    "farm": "c1abee3a-865e-4d4c-837a-44eb4d4f552a",
    "latitude": "23.114190",
    "longitude": "72.540474",
    "accuracy": null,
    "activity": "DURING_WORK",
    "task": null,
    "photo": "location_pings/Screenshot_14.png",
    "recorded_at": "2026-06-24T14:04:13.497Z"
  }
},
{
  "model": "gps.locationping",
  "pk": "364b7405-a0f6-4252-bd34-54ccef21d9f3",
  "fields": {
    "created_at": "2026-06-22T11:50:17.787Z",
    "updated_at": "2026-06-22T11:50:17.787Z",
    "is_active": true,
    "created_by": null,
    "user": "540b373b-dbd6-4afe-bc5c-6e95d9811a3b",
    "farm": "c1abee3a-865e-4d4c-837a-44eb4d4f552a",
    "latitude": "23.114214",
    "longitude": "72.540504",
    "accuracy": null,
    "activity": "CHECKIN",
    "task": null,
    "photo": "",
    "recorded_at": "2026-06-22T11:50:17.707Z"
  }
},
{
  "model": "gps.locationping",
  "pk": "3fc708c7-704b-422d-a09c-127c6492baae",
  "fields": {
    "created_at": "2026-06-25T09:39:01.015Z",
    "updated_at": "2026-06-25T09:39:01.015Z",
    "is_active": true,
    "created_by": "754efd9b-9266-4f35-9fb1-bffe73e7590b",
    "user": "754efd9b-9266-4f35-9fb1-bffe73e7590b",
    "farm": "c1abee3a-865e-4d4c-837a-44eb4d4f552a",
    "latitude": "23.114203",
    "longitude": "72.540491",
    "accuracy": null,
    "activity": "DURING_WORK",
    "task": null,
    "photo": "location_pings/IMG-20240614-WA0015.jpg",
    "recorded_at": "2026-06-25T09:39:01.009Z"
  }
},
{
  "model": "gps.locationping",
  "pk": "418e89d1-dbf8-475b-b450-c676063d4ba6",
  "fields": {
    "created_at": "2026-06-26T12:39:24.353Z",
    "updated_at": "2026-06-26T12:39:24.353Z",
    "is_active": true,
    "created_by": "7a30e618-f87b-47ee-bb6a-f8b799e912cd",
    "user": "7a30e618-f87b-47ee-bb6a-f8b799e912cd",
    "farm": "1359a817-9ea7-4c67-9355-af8eb5ef462f",
    "latitude": "23.114262",
    "longitude": "72.540505",
    "accuracy": null,
    "activity": "CHECKIN",
    "task": null,
    "photo": "location_pings/133892603375452839_4NGzqX3.jpg",
    "recorded_at": "2026-06-26T12:39:24.319Z"
  }
},
{
  "model": "gps.locationping",
  "pk": "456ac945-cbea-4a8d-82a0-b462674bd605",
  "fields": {
    "created_at": "2026-06-24T14:02:05.605Z",
    "updated_at": "2026-06-24T14:02:05.605Z",
    "is_active": true,
    "created_by": "dffb0e83-06f3-405b-9b6e-0e44e6b6a529",
    "user": "dffb0e83-06f3-405b-9b6e-0e44e6b6a529",
    "farm": "c1abee3a-865e-4d4c-837a-44eb4d4f552a",
    "latitude": "23.114189",
    "longitude": "72.540478",
    "accuracy": null,
    "activity": "CHECKIN",
    "task": null,
    "photo": "location_pings/Screenshot_35.png",
    "recorded_at": "2026-06-24T14:02:05.562Z"
  }
},
{
  "model": "gps.locationping",
  "pk": "51b0c089-dba4-4cf7-ae15-3d52f3c1cfde",
  "fields": {
    "created_at": "2026-06-26T18:04:57.144Z",
    "updated_at": "2026-06-26T18:04:57.144Z",
    "is_active": true,
    "created_by": "7a30e618-f87b-47ee-bb6a-f8b799e912cd",
    "user": "7a30e618-f87b-47ee-bb6a-f8b799e912cd",
    "farm": "1359a817-9ea7-4c67-9355-af8eb5ef462f",
    "latitude": "23.072961",
    "longitude": "72.559682",
    "accuracy": null,
    "activity": "CHECKIN",
    "task": null,
    "photo": "location_pings/photo_Q8vV4Fb.jpg",
    "recorded_at": "2026-06-26T18:04:57.130Z"
  }
},
{
  "model": "gps.locationping",
  "pk": "53b13d83-73fc-4aab-99ee-2eab3c0a6cd7",
  "fields": {
    "created_at": "2026-06-22T11:50:18.223Z",
    "updated_at": "2026-06-22T11:50:18.223Z",
    "is_active": true,
    "created_by": null,
    "user": "7cd32a57-a60e-4797-87d8-9754de897160",
    "farm": "c1abee3a-865e-4d4c-837a-44eb4d4f552a",
    "latitude": "23.114214",
    "longitude": "72.540504",
    "accuracy": null,
    "activity": "CHECKIN",
    "task": null,
    "photo": "",
    "recorded_at": "2026-06-22T11:50:18.134Z"
  }
},
{
  "model": "gps.locationping",
  "pk": "6a14308f-483d-494e-8165-0ff02b52b5fa",
  "fields": {
    "created_at": "2026-06-24T14:03:18.818Z",
    "updated_at": "2026-06-24T14:03:18.818Z",
    "is_active": true,
    "created_by": "dffb0e83-06f3-405b-9b6e-0e44e6b6a529",
    "user": "dffb0e83-06f3-405b-9b6e-0e44e6b6a529",
    "farm": "c1abee3a-865e-4d4c-837a-44eb4d4f552a",
    "latitude": "23.114179",
    "longitude": "72.540464",
    "accuracy": null,
    "activity": "DURING_WORK",
    "task": null,
    "photo": "location_pings/Screenshot_41.png",
    "recorded_at": "2026-06-24T14:03:18.798Z"
  }
},
{
  "model": "gps.locationping",
  "pk": "6c964701-08c7-46da-ab5f-45a8719af972",
  "fields": {
    "created_at": "2026-06-25T09:37:43.732Z",
    "updated_at": "2026-06-25T09:37:43.732Z",
    "is_active": true,
    "created_by": "754efd9b-9266-4f35-9fb1-bffe73e7590b",
    "user": "754efd9b-9266-4f35-9fb1-bffe73e7590b",
    "farm": "c1abee3a-865e-4d4c-837a-44eb4d4f552a",
    "latitude": "23.114179",
    "longitude": "72.540473",
    "accuracy": null,
    "activity": "DURING_WORK",
    "task": null,
    "photo": "location_pings/WIN_20231204_04_14_39_Pro.jpg",
    "recorded_at": "2026-06-25T09:37:43.722Z"
  }
},
{
  "model": "gps.locationping",
  "pk": "6d586790-931f-495b-a061-25aece5c203c",
  "fields": {
    "created_at": "2026-06-24T12:42:46.209Z",
    "updated_at": "2026-06-24T12:42:46.209Z",
    "is_active": true,
    "created_by": "83013cca-fca0-4300-86c0-a447c810d1f6",
    "user": "83013cca-fca0-4300-86c0-a447c810d1f6",
    "farm": "c1abee3a-865e-4d4c-837a-44eb4d4f552a",
    "latitude": "23.114197",
    "longitude": "72.540485",
    "accuracy": null,
    "activity": "CHECKIN",
    "task": null,
    "photo": "location_pings/Screenshot_13.png",
    "recorded_at": "2026-06-24T12:42:46.174Z"
  }
},
{
  "model": "gps.locationping",
  "pk": "6e126e5f-26f4-48ad-abec-04d361d6cbfb",
  "fields": {
    "created_at": "2026-06-24T10:19:44.108Z",
    "updated_at": "2026-06-24T10:19:44.108Z",
    "is_active": true,
    "created_by": "814ac1e2-6159-4e8a-a30a-eed4c8f266d4",
    "user": "814ac1e2-6159-4e8a-a30a-eed4c8f266d4",
    "farm": "c1abee3a-865e-4d4c-837a-44eb4d4f552a",
    "latitude": "23.114206",
    "longitude": "72.540495",
    "accuracy": null,
    "activity": "CHECKIN",
    "task": null,
    "photo": "location_pings/20231212_183603.jpg",
    "recorded_at": "2026-06-24T10:19:44.056Z"
  }
},
{
  "model": "gps.locationping",
  "pk": "70c816c8-a578-43b2-81c6-67ec9605ffc0",
  "fields": {
    "created_at": "2026-06-24T12:43:41.797Z",
    "updated_at": "2026-06-24T12:43:41.797Z",
    "is_active": true,
    "created_by": "83013cca-fca0-4300-86c0-a447c810d1f6",
    "user": "83013cca-fca0-4300-86c0-a447c810d1f6",
    "farm": "c1abee3a-865e-4d4c-837a-44eb4d4f552a",
    "latitude": "23.114176",
    "longitude": "72.540462",
    "accuracy": null,
    "activity": "CHECKOUT",
    "task": null,
    "photo": "location_pings/Screenshot_12_tR5Qf0P.png",
    "recorded_at": "2026-06-24T12:43:41.752Z"
  }
},
{
  "model": "gps.locationping",
  "pk": "726b5908-f62b-481e-9479-4c9320097424",
  "fields": {
    "created_at": "2026-06-26T14:15:06.063Z",
    "updated_at": "2026-06-26T14:15:06.063Z",
    "is_active": true,
    "created_by": "7a30e618-f87b-47ee-bb6a-f8b799e912cd",
    "user": "7a30e618-f87b-47ee-bb6a-f8b799e912cd",
    "farm": "1359a817-9ea7-4c67-9355-af8eb5ef462f",
    "latitude": "23.114267",
    "longitude": "72.540505",
    "accuracy": null,
    "activity": "CHECKIN",
    "task": null,
    "photo": "location_pings/133892603375452839_qaEhiPm.jpg",
    "recorded_at": "2026-06-26T14:15:06.028Z"
  }
},
{
  "model": "gps.locationping",
  "pk": "74a26cb0-f13c-4734-a46d-1bef1dc71992",
  "fields": {
    "created_at": "2026-06-24T10:24:32.723Z",
    "updated_at": "2026-06-24T10:24:32.723Z",
    "is_active": true,
    "created_by": "814ac1e2-6159-4e8a-a30a-eed4c8f266d4",
    "user": "814ac1e2-6159-4e8a-a30a-eed4c8f266d4",
    "farm": "c1abee3a-865e-4d4c-837a-44eb4d4f552a",
    "latitude": "23.114184",
    "longitude": "72.540476",
    "accuracy": null,
    "activity": "CHECKOUT",
    "task": null,
    "photo": "location_pings/20231003_124046.jpg",
    "recorded_at": "2026-06-24T10:24:32.608Z"
  }
},
{
  "model": "gps.locationping",
  "pk": "794e363b-b64a-474b-b951-7ec8d229653b",
  "fields": {
    "created_at": "2026-06-24T14:30:29.465Z",
    "updated_at": "2026-06-24T14:30:29.465Z",
    "is_active": true,
    "created_by": "dffb0e83-06f3-405b-9b6e-0e44e6b6a529",
    "user": "dffb0e83-06f3-405b-9b6e-0e44e6b6a529",
    "farm": "c1abee3a-865e-4d4c-837a-44eb4d4f552a",
    "latitude": "23.114192",
    "longitude": "72.540483",
    "accuracy": null,
    "activity": "DURING_WORK",
    "task": null,
    "photo": "location_pings/Screenshot_12_TKovkix.png",
    "recorded_at": "2026-06-24T14:30:29.446Z"
  }
},
{
  "model": "gps.locationping",
  "pk": "7a05912c-9d08-42ba-8e92-2eb778b9b238",
  "fields": {
    "created_at": "2026-06-26T11:58:47.745Z",
    "updated_at": "2026-06-26T11:58:47.745Z",
    "is_active": true,
    "created_by": "7a30e618-f87b-47ee-bb6a-f8b799e912cd",
    "user": "7a30e618-f87b-47ee-bb6a-f8b799e912cd",
    "farm": "1359a817-9ea7-4c67-9355-af8eb5ef462f",
    "latitude": "23.114262",
    "longitude": "72.540505",
    "accuracy": null,
    "activity": "CHECKIN",
    "task": null,
    "photo": "location_pings/133892603375452839.jpg",
    "recorded_at": "2026-06-26T11:58:47.717Z"
  }
},
{
  "model": "gps.locationping",
  "pk": "7bdda070-5abb-495c-be1e-26ff3911ed13",
  "fields": {
    "created_at": "2026-06-24T07:21:14.497Z",
    "updated_at": "2026-06-24T07:21:14.497Z",
    "is_active": true,
    "created_by": "83013cca-fca0-4300-86c0-a447c810d1f6",
    "user": "83013cca-fca0-4300-86c0-a447c810d1f6",
    "farm": "c1abee3a-865e-4d4c-837a-44eb4d4f552a",
    "latitude": "23.114176",
    "longitude": "72.540463",
    "accuracy": null,
    "activity": "CHECKIN",
    "task": null,
    "photo": "location_pings/HFTDE7874.JPG",
    "recorded_at": "2026-06-24T07:21:14.459Z"
  }
},
{
  "model": "gps.locationping",
  "pk": "7f2c54e4-9bbd-4ef0-8f31-f10a0724f283",
  "fields": {
    "created_at": "2026-06-26T18:59:29.905Z",
    "updated_at": "2026-06-26T18:59:29.905Z",
    "is_active": true,
    "created_by": "7a30e618-f87b-47ee-bb6a-f8b799e912cd",
    "user": "7a30e618-f87b-47ee-bb6a-f8b799e912cd",
    "farm": "1359a817-9ea7-4c67-9355-af8eb5ef462f",
    "latitude": "23.073013",
    "longitude": "72.559659",
    "accuracy": null,
    "activity": "DURING_WORK",
    "task": null,
    "photo": "location_pings/adhar.jpg",
    "recorded_at": "2026-06-26T18:59:29.901Z"
  }
},
{
  "model": "gps.locationping",
  "pk": "806f276b-0fc6-472d-b3f0-06603e25390d",
  "fields": {
    "created_at": "2026-06-24T12:45:30.239Z",
    "updated_at": "2026-06-24T12:45:30.239Z",
    "is_active": false,
    "created_by": "83013cca-fca0-4300-86c0-a447c810d1f6",
    "user": "83013cca-fca0-4300-86c0-a447c810d1f6",
    "farm": null,
    "latitude": "23.114186",
    "longitude": "72.540478",
    "accuracy": "55.000000",
    "activity": "DURING_WORK",
    "task": null,
    "photo": "",
    "recorded_at": "2026-06-24T12:45:30.238Z"
  }
},
{
  "model": "gps.locationping",
  "pk": "816f80b7-9910-4362-aa78-7786c8f54338",
  "fields": {
    "created_at": "2026-06-23T12:11:03.575Z",
    "updated_at": "2026-06-23T12:11:03.575Z",
    "is_active": true,
    "created_by": "83013cca-fca0-4300-86c0-a447c810d1f6",
    "user": "83013cca-fca0-4300-86c0-a447c810d1f6",
    "farm": "c1abee3a-865e-4d4c-837a-44eb4d4f552a",
    "latitude": "23.114199",
    "longitude": "72.540482",
    "accuracy": null,
    "activity": "CHECKIN",
    "task": null,
    "photo": "location_pings/WhatsApp_Image_2023-12-03_at_23_zE4a6iW.21.52_e73ff8a7.jpg",
    "recorded_at": "2026-06-23T12:11:03.503Z"
  }
},
{
  "model": "gps.locationping",
  "pk": "83279be6-7243-4481-8e27-bd377d7ed913",
  "fields": {
    "created_at": "2026-06-24T14:23:18.641Z",
    "updated_at": "2026-06-24T14:23:18.641Z",
    "is_active": true,
    "created_by": "dffb0e83-06f3-405b-9b6e-0e44e6b6a529",
    "user": "dffb0e83-06f3-405b-9b6e-0e44e6b6a529",
    "farm": "c1abee3a-865e-4d4c-837a-44eb4d4f552a",
    "latitude": "23.114180",
    "longitude": "72.540479",
    "accuracy": null,
    "activity": "DURING_WORK",
    "task": null,
    "photo": "location_pings/Screenshot_13_TQBYcI2.png",
    "recorded_at": "2026-06-24T14:23:18.621Z"
  }
},
{
  "model": "gps.locationping",
  "pk": "8a344ea3-42c4-499b-92d9-f014a7949a6c",
  "fields": {
    "created_at": "2026-06-26T18:36:12.244Z",
    "updated_at": "2026-06-26T18:36:12.244Z",
    "is_active": true,
    "created_by": "7a30e618-f87b-47ee-bb6a-f8b799e912cd",
    "user": "7a30e618-f87b-47ee-bb6a-f8b799e912cd",
    "farm": "1359a817-9ea7-4c67-9355-af8eb5ef462f",
    "latitude": "23.072970",
    "longitude": "72.559657",
    "accuracy": null,
    "activity": "DURING_WORK",
    "task": null,
    "photo": "location_pings/eyestation_bPcZyWH.jpg",
    "recorded_at": "2026-06-26T18:36:12.243Z"
  }
},
{
  "model": "gps.locationping",
  "pk": "8fa8718d-db43-41f4-90cd-ef0823ae9fbc",
  "fields": {
    "created_at": "2026-06-22T05:28:10.042Z",
    "updated_at": "2026-06-22T05:28:10.042Z",
    "is_active": false,
    "created_by": "540b373b-dbd6-4afe-bc5c-6e95d9811a3b",
    "user": "540b373b-dbd6-4afe-bc5c-6e95d9811a3b",
    "farm": null,
    "latitude": "23.114199",
    "longitude": "72.540474",
    "accuracy": "58.000000",
    "activity": "CHECKIN",
    "task": null,
    "photo": "",
    "recorded_at": "2026-06-22T05:28:10.042Z"
  }
},
{
  "model": "gps.locationping",
  "pk": "9320c156-1f5e-4595-a487-810084ed690f",
  "fields": {
    "created_at": "2026-06-26T12:24:10.178Z",
    "updated_at": "2026-06-26T12:24:10.178Z",
    "is_active": true,
    "created_by": "7a30e618-f87b-47ee-bb6a-f8b799e912cd",
    "user": "7a30e618-f87b-47ee-bb6a-f8b799e912cd",
    "farm": "1359a817-9ea7-4c67-9355-af8eb5ef462f",
    "latitude": "23.114262",
    "longitude": "72.540521",
    "accuracy": null,
    "activity": "DURING_WORK",
    "task": null,
    "photo": "location_pings/133892603375452839_IXL7s1t.jpg",
    "recorded_at": "2026-06-26T12:24:10.175Z"
  }
},
{
  "model": "gps.locationping",
  "pk": "94f3389f-0549-4115-b0b6-a65dbee9eb3b",
  "fields": {
    "created_at": "2026-06-26T14:22:17.296Z",
    "updated_at": "2026-06-26T14:22:17.296Z",
    "is_active": true,
    "created_by": "7a30e618-f87b-47ee-bb6a-f8b799e912cd",
    "user": "7a30e618-f87b-47ee-bb6a-f8b799e912cd",
    "farm": "1359a817-9ea7-4c67-9355-af8eb5ef462f",
    "latitude": "23.114260",
    "longitude": "72.540495",
    "accuracy": null,
    "activity": "DURING_WORK",
    "task": null,
    "photo": "location_pings/133892603375452839_LC737xS.jpg",
    "recorded_at": "2026-06-26T14:22:17.294Z"
  }
},
{
  "model": "gps.locationping",
  "pk": "98f63ed4-b40b-4bb3-a0e9-00fd74b4108d",
  "fields": {
    "created_at": "2026-06-23T12:24:25.737Z",
    "updated_at": "2026-06-23T12:24:25.737Z",
    "is_active": true,
    "created_by": "83013cca-fca0-4300-86c0-a447c810d1f6",
    "user": "83013cca-fca0-4300-86c0-a447c810d1f6",
    "farm": "c1abee3a-865e-4d4c-837a-44eb4d4f552a",
    "latitude": "23.114172",
    "longitude": "72.540457",
    "accuracy": null,
    "activity": "CHECKOUT",
    "task": null,
    "photo": "location_pings/WhatsApp_Image_2023-12-03_at_23_d0DI5bl.31.03_d46e777d.jpg",
    "recorded_at": "2026-06-23T12:24:25.701Z"
  }
},
{
  "model": "gps.locationping",
  "pk": "9b449111-bd9d-4962-9fd9-af1e09bba59b",
  "fields": {
    "created_at": "2026-06-24T14:05:03.320Z",
    "updated_at": "2026-06-24T14:05:03.320Z",
    "is_active": true,
    "created_by": "dffb0e83-06f3-405b-9b6e-0e44e6b6a529",
    "user": "dffb0e83-06f3-405b-9b6e-0e44e6b6a529",
    "farm": "c1abee3a-865e-4d4c-837a-44eb4d4f552a",
    "latitude": "23.114181",
    "longitude": "72.540462",
    "accuracy": null,
    "activity": "CHECKOUT",
    "task": null,
    "photo": "location_pings/Screenshot_14_QLPVCU0.png",
    "recorded_at": "2026-06-24T14:05:03.274Z"
  }
},
{
  "model": "gps.locationping",
  "pk": "9b52a198-268c-4c9c-aaf5-056a11304392",
  "fields": {
    "created_at": "2026-06-24T12:43:21.155Z",
    "updated_at": "2026-06-24T12:43:21.155Z",
    "is_active": false,
    "created_by": "83013cca-fca0-4300-86c0-a447c810d1f6",
    "user": "83013cca-fca0-4300-86c0-a447c810d1f6",
    "farm": null,
    "latitude": "23.114197",
    "longitude": "72.540485",
    "accuracy": "55.000000",
    "activity": "DURING_WORK",
    "task": null,
    "photo": "",
    "recorded_at": "2026-06-24T12:43:21.152Z"
  }
},
{
  "model": "gps.locationping",
  "pk": "a12747fb-0b52-4402-b060-1914fcc798f0",
  "fields": {
    "created_at": "2026-06-26T18:57:39.335Z",
    "updated_at": "2026-06-26T18:57:39.335Z",
    "is_active": true,
    "created_by": "7a30e618-f87b-47ee-bb6a-f8b799e912cd",
    "user": "7a30e618-f87b-47ee-bb6a-f8b799e912cd",
    "farm": "1359a817-9ea7-4c67-9355-af8eb5ef462f",
    "latitude": "23.073149",
    "longitude": "72.559852",
    "accuracy": null,
    "activity": "DURING_WORK",
    "task": null,
    "photo": "location_pings/eyestation_YfStY48.jpg",
    "recorded_at": "2026-06-26T18:57:39.334Z"
  }
},
{
  "model": "gps.locationping",
  "pk": "b4e50b17-3c56-4411-a01a-11465f6c7f3d",
  "fields": {
    "created_at": "2026-06-26T12:25:00.837Z",
    "updated_at": "2026-06-26T12:25:00.837Z",
    "is_active": true,
    "created_by": "7a30e618-f87b-47ee-bb6a-f8b799e912cd",
    "user": "7a30e618-f87b-47ee-bb6a-f8b799e912cd",
    "farm": "1359a817-9ea7-4c67-9355-af8eb5ef462f",
    "latitude": "23.114262",
    "longitude": "72.540521",
    "accuracy": null,
    "activity": "CHECKOUT",
    "task": null,
    "photo": "location_pings/133892603375452839_8wjtoQA.jpg",
    "recorded_at": "2026-06-26T12:25:00.803Z"
  }
},
{
  "model": "gps.locationping",
  "pk": "b9caf786-28ab-43fc-94da-41d8cd82d0d6",
  "fields": {
    "created_at": "2026-06-26T19:26:14.777Z",
    "updated_at": "2026-06-26T19:26:14.777Z",
    "is_active": true,
    "created_by": "7a30e618-f87b-47ee-bb6a-f8b799e912cd",
    "user": "7a30e618-f87b-47ee-bb6a-f8b799e912cd",
    "farm": "1359a817-9ea7-4c67-9355-af8eb5ef462f",
    "latitude": "23.073035",
    "longitude": "72.559733",
    "accuracy": null,
    "activity": "DURING_WORK",
    "task": "23a975bc-8fbc-4211-a6f9-b4f3a3dc1a74",
    "photo": "location_pings/DSC_0039_9FhPGB7.JPG",
    "recorded_at": "2026-06-26T19:26:14.774Z"
  }
},
{
  "model": "gps.locationping",
  "pk": "c1f81256-5b89-4e2a-9823-026d0113207f",
  "fields": {
    "created_at": "2026-06-26T14:21:34.842Z",
    "updated_at": "2026-06-26T14:21:34.842Z",
    "is_active": true,
    "created_by": "7a30e618-f87b-47ee-bb6a-f8b799e912cd",
    "user": "7a30e618-f87b-47ee-bb6a-f8b799e912cd",
    "farm": "1359a817-9ea7-4c67-9355-af8eb5ef462f",
    "latitude": "23.114262",
    "longitude": "72.540505",
    "accuracy": null,
    "activity": "CHECKIN",
    "task": null,
    "photo": "location_pings/133892603375452839_vB8ryFH.jpg",
    "recorded_at": "2026-06-26T14:21:34.813Z"
  }
},
{
  "model": "gps.locationping",
  "pk": "c46b5234-b414-49e2-94c8-292741d50ce8",
  "fields": {
    "created_at": "2026-06-25T09:40:48.607Z",
    "updated_at": "2026-06-25T09:40:48.607Z",
    "is_active": true,
    "created_by": "7a30e618-f87b-47ee-bb6a-f8b799e912cd",
    "user": "7a30e618-f87b-47ee-bb6a-f8b799e912cd",
    "farm": "c1abee3a-865e-4d4c-837a-44eb4d4f552a",
    "latitude": "23.114213",
    "longitude": "72.540497",
    "accuracy": null,
    "activity": "CHECKIN",
    "task": null,
    "photo": "location_pings/IMG-20240614-WA0015_nAsmriY.jpg",
    "recorded_at": "2026-06-25T09:40:48.579Z"
  }
},
{
  "model": "gps.locationping",
  "pk": "cb80827f-ab88-4837-b379-418c8f92cff5",
  "fields": {
    "created_at": "2026-06-21T17:52:36.636Z",
    "updated_at": "2026-06-21T17:52:36.636Z",
    "is_active": true,
    "created_by": null,
    "user": "540b373b-dbd6-4afe-bc5c-6e95d9811a3b",
    "farm": "c1abee3a-865e-4d4c-837a-44eb4d4f552a",
    "latitude": "23.038900",
    "longitude": "72.554900",
    "accuracy": null,
    "activity": "CHECKIN",
    "task": null,
    "photo": "location_pings/Screenshot_6_k0BWoOM.png",
    "recorded_at": "2026-06-21T17:52:36.264Z"
  }
},
{
  "model": "gps.locationping",
  "pk": "cc89eb56-f364-4e53-ad87-e65a86bb610f",
  "fields": {
    "created_at": "2026-06-22T07:37:03.261Z",
    "updated_at": "2026-06-22T07:37:03.261Z",
    "is_active": true,
    "created_by": null,
    "user": "814ac1e2-6159-4e8a-a30a-eed4c8f266d4",
    "farm": "c1abee3a-865e-4d4c-837a-44eb4d4f552a",
    "latitude": "23.114189",
    "longitude": "72.540447",
    "accuracy": null,
    "activity": "CHECKIN",
    "task": null,
    "photo": "",
    "recorded_at": "2026-06-22T07:37:03.212Z"
  }
},
{
  "model": "gps.locationping",
  "pk": "cd57f2ca-26d4-4856-9067-3e90e289b202",
  "fields": {
    "created_at": "2026-06-26T18:22:03.243Z",
    "updated_at": "2026-06-26T18:22:03.243Z",
    "is_active": true,
    "created_by": "7a30e618-f87b-47ee-bb6a-f8b799e912cd",
    "user": "7a30e618-f87b-47ee-bb6a-f8b799e912cd",
    "farm": "1359a817-9ea7-4c67-9355-af8eb5ef462f",
    "latitude": "23.073057",
    "longitude": "72.559705",
    "accuracy": null,
    "activity": "DURING_WORK",
    "task": null,
    "photo": "location_pings/eyestation_e2W98Qk.jpg",
    "recorded_at": "2026-06-26T18:22:03.242Z"
  }
},
{
  "model": "gps.locationping",
  "pk": "cdda1679-30b6-437f-b7d7-e9eae218363d",
  "fields": {
    "created_at": "2026-06-25T09:38:16.707Z",
    "updated_at": "2026-06-25T09:38:16.707Z",
    "is_active": true,
    "created_by": "754efd9b-9266-4f35-9fb1-bffe73e7590b",
    "user": "754efd9b-9266-4f35-9fb1-bffe73e7590b",
    "farm": "c1abee3a-865e-4d4c-837a-44eb4d4f552a",
    "latitude": "23.114190",
    "longitude": "72.540486",
    "accuracy": null,
    "activity": "CHECKOUT",
    "task": null,
    "photo": "location_pings/WIN_20231115_00_23_05_Pro.jpg",
    "recorded_at": "2026-06-25T09:38:16.688Z"
  }
},
{
  "model": "gps.locationping",
  "pk": "db44ff32-d4a0-4588-a98b-ee1c0155ad71",
  "fields": {
    "created_at": "2026-06-24T12:55:43.817Z",
    "updated_at": "2026-06-24T12:55:43.817Z",
    "is_active": false,
    "created_by": "83013cca-fca0-4300-86c0-a447c810d1f6",
    "user": "83013cca-fca0-4300-86c0-a447c810d1f6",
    "farm": null,
    "latitude": "23.114201",
    "longitude": "72.540492",
    "accuracy": "55.000000",
    "activity": "DURING_WORK",
    "task": null,
    "photo": "",
    "recorded_at": "2026-06-24T12:55:43.810Z"
  }
},
{
  "model": "gps.locationping",
  "pk": "ee37c8b4-ac65-4c01-bc78-128549d28a31",
  "fields": {
    "created_at": "2026-06-25T09:36:57.952Z",
    "updated_at": "2026-06-25T09:36:57.952Z",
    "is_active": true,
    "created_by": "754efd9b-9266-4f35-9fb1-bffe73e7590b",
    "user": "754efd9b-9266-4f35-9fb1-bffe73e7590b",
    "farm": "c1abee3a-865e-4d4c-837a-44eb4d4f552a",
    "latitude": "23.114183",
    "longitude": "72.540475",
    "accuracy": null,
    "activity": "CHECKIN",
    "task": null,
    "photo": "location_pings/jitus_immigration.png",
    "recorded_at": "2026-06-25T09:36:57.906Z"
  }
},
{
  "model": "gps.locationping",
  "pk": "ee5e4c6f-59b7-4675-b704-c4fc7ca9ba6b",
  "fields": {
    "created_at": "2026-06-23T17:41:26.632Z",
    "updated_at": "2026-06-23T17:41:26.632Z",
    "is_active": true,
    "created_by": null,
    "user": "540b373b-dbd6-4afe-bc5c-6e95d9811a3b",
    "farm": "c1abee3a-865e-4d4c-837a-44eb4d4f552a",
    "latitude": "23.072908",
    "longitude": "72.559540",
    "accuracy": null,
    "activity": "CHECKIN",
    "task": null,
    "photo": "",
    "recorded_at": "2026-06-23T17:41:26.627Z"
  }
},
{
  "model": "gps.locationping",
  "pk": "f4962e54-b027-4c16-8546-560e12997612",
  "fields": {
    "created_at": "2026-06-26T19:29:29.670Z",
    "updated_at": "2026-06-26T19:29:29.670Z",
    "is_active": true,
    "created_by": "7a30e618-f87b-47ee-bb6a-f8b799e912cd",
    "user": "7a30e618-f87b-47ee-bb6a-f8b799e912cd",
    "farm": "1359a817-9ea7-4c67-9355-af8eb5ef462f",
    "latitude": "23.073092",
    "longitude": "72.559787",
    "accuracy": null,
    "activity": "DURING_WORK",
    "task": "a64d2997-e944-47c5-8131-6f17af0dc2c6",
    "photo": "location_pings/passport_t6nPqHf.jpg",
    "recorded_at": "2026-06-26T19:29:29.667Z"
  }
},
{
  "model": "gps.locationping",
  "pk": "f6a3b901-a9e1-4b22-976b-ca744dd1350b",
  "fields": {
    "created_at": "2026-06-26T21:33:29.090Z",
    "updated_at": "2026-06-26T21:33:29.091Z",
    "is_active": true,
    "created_by": "f1f2c199-e8f0-4512-9dca-72db650b8a59",
    "user": "f1f2c199-e8f0-4512-9dca-72db650b8a59",
    "farm": "c1abee3a-865e-4d4c-837a-44eb4d4f552a",
    "latitude": "23.073021",
    "longitude": "72.559692",
    "accuracy": null,
    "activity": "CHECKIN",
    "task": "0da06b28-efd0-4d3a-b85e-7b2ed7caeba3",
    "photo": "location_pings/eyestation_tkycyZx.jpg",
    "recorded_at": "2026-06-26T21:33:29.079Z"
  }
},
{
  "model": "gps.locationping",
  "pk": "fbf1aae1-5d41-466d-8d9e-bc6902df821a",
  "fields": {
    "created_at": "2026-06-22T11:50:16.405Z",
    "updated_at": "2026-06-22T11:50:16.405Z",
    "is_active": true,
    "created_by": null,
    "user": "613628b5-9ae8-4768-8a3b-05601cf5d738",
    "farm": "1359a817-9ea7-4c67-9355-af8eb5ef462f",
    "latitude": "23.114214",
    "longitude": "72.540504",
    "accuracy": null,
    "activity": "CHECKIN",
    "task": null,
    "photo": "",
    "recorded_at": "2026-06-22T11:50:16.319Z"
  }
},
{
  "model": "gps.locationping",
  "pk": "fcb9e4f5-7704-4550-b2ac-abac3ca5f8ac",
  "fields": {
    "created_at": "2026-06-24T10:00:08.195Z",
    "updated_at": "2026-06-24T10:00:08.195Z",
    "is_active": true,
    "created_by": "814ac1e2-6159-4e8a-a30a-eed4c8f266d4",
    "user": "814ac1e2-6159-4e8a-a30a-eed4c8f266d4",
    "farm": "c1abee3a-865e-4d4c-837a-44eb4d4f552a",
    "latitude": "23.114168",
    "longitude": "72.540439",
    "accuracy": null,
    "activity": "CHECKIN",
    "task": null,
    "photo": "location_pings/download.jpg",
    "recorded_at": "2026-06-24T10:00:08.171Z"
  }
},
{
  "model": "gps.fieldactivity",
  "pk": "119186e9-9c68-4820-9e5f-716a5f3c7d47",
  "fields": {
    "created_at": "2026-06-26T14:22:18.298Z",
    "updated_at": "2026-06-26T18:02:12.787Z",
    "is_active": true,
    "created_by": "7a30e618-f87b-47ee-bb6a-f8b799e912cd",
    "user": "7a30e618-f87b-47ee-bb6a-f8b799e912cd",
    "farm": "1359a817-9ea7-4c67-9355-af8eb5ef462f",
    "field": null,
    "task": null,
    "description": "During work photo update",
    "latitude": "23.114260",
    "longitude": "72.540495",
    "photo": "field_activity/133892603375452839_WdhEmPH.jpg",
    "status": "VERIFIED",
    "verified_by": "ef56c7a6-b735-42ca-8b84-25f327f9a8d6",
    "verified_at": "2026-06-26T18:02:12.787Z",
    "recorded_at": "2026-06-26T14:22:17.294Z"
  }
},
{
  "model": "gps.fieldactivity",
  "pk": "169165d7-e2d8-4744-a243-c8d9b05aa2ee",
  "fields": {
    "created_at": "2026-06-24T14:02:10.010Z",
    "updated_at": "2026-06-24T14:02:10.010Z",
    "is_active": true,
    "created_by": "dffb0e83-06f3-405b-9b6e-0e44e6b6a529",
    "user": "dffb0e83-06f3-405b-9b6e-0e44e6b6a529",
    "farm": "c1abee3a-865e-4d4c-837a-44eb4d4f552a",
    "field": null,
    "task": null,
    "description": "Checked in for work",
    "latitude": "23.114189",
    "longitude": "72.540478",
    "photo": "field_activity/Screenshot_35.png",
    "status": "SUBMITTED",
    "verified_by": null,
    "verified_at": null,
    "recorded_at": "2026-06-24T14:02:05.562Z"
  }
},
{
  "model": "gps.fieldactivity",
  "pk": "16b06fb3-49c2-4f83-8700-63852fb6809d",
  "fields": {
    "created_at": "2026-06-24T14:30:33.104Z",
    "updated_at": "2026-06-24T14:30:33.104Z",
    "is_active": true,
    "created_by": "dffb0e83-06f3-405b-9b6e-0e44e6b6a529",
    "user": "dffb0e83-06f3-405b-9b6e-0e44e6b6a529",
    "farm": "c1abee3a-865e-4d4c-837a-44eb4d4f552a",
    "field": null,
    "task": null,
    "description": "During work photo update",
    "latitude": "23.114192",
    "longitude": "72.540483",
    "photo": "field_activity/Screenshot_12.png",
    "status": "SUBMITTED",
    "verified_by": null,
    "verified_at": null,
    "recorded_at": "2026-06-24T14:30:29.446Z"
  }
},
{
  "model": "gps.fieldactivity",
  "pk": "207e1e24-e640-447f-a53b-bba29d5407a9",
  "fields": {
    "created_at": "2026-06-26T21:33:31.136Z",
    "updated_at": "2026-06-26T21:33:31.136Z",
    "is_active": true,
    "created_by": "f1f2c199-e8f0-4512-9dca-72db650b8a59",
    "user": "f1f2c199-e8f0-4512-9dca-72db650b8a59",
    "farm": "c1abee3a-865e-4d4c-837a-44eb4d4f552a",
    "field": null,
    "task": "0da06b28-efd0-4d3a-b85e-7b2ed7caeba3",
    "description": "Checked in for work",
    "latitude": "23.073021",
    "longitude": "72.559692",
    "photo": "field_activity/eyestation_WVQP4Sj.jpg",
    "status": "SUBMITTED",
    "verified_by": null,
    "verified_at": null,
    "recorded_at": "2026-06-26T21:33:29.079Z"
  }
},
{
  "model": "gps.fieldactivity",
  "pk": "21a22e45-03af-458c-b1a8-e898a86b41e2",
  "fields": {
    "created_at": "2026-06-23T12:11:08.521Z",
    "updated_at": "2026-06-24T10:41:41.149Z",
    "is_active": true,
    "created_by": "83013cca-fca0-4300-86c0-a447c810d1f6",
    "user": "83013cca-fca0-4300-86c0-a447c810d1f6",
    "farm": "c1abee3a-865e-4d4c-837a-44eb4d4f552a",
    "field": null,
    "task": null,
    "description": "Checked in for work",
    "latitude": "23.114199",
    "longitude": "72.540482",
    "photo": "field_activity/WhatsApp_Image_2023-12-03_at_23.21.52_e73ff8a7.jpg",
    "status": "REJECTED",
    "verified_by": null,
    "verified_at": "2026-06-24T10:41:41.149Z",
    "recorded_at": "2026-06-23T12:11:03.503Z"
  }
},
{
  "model": "gps.fieldactivity",
  "pk": "281d8872-420f-4568-a8e0-74efcd774f5d",
  "fields": {
    "created_at": "2026-06-24T14:23:22.400Z",
    "updated_at": "2026-06-24T14:23:22.400Z",
    "is_active": true,
    "created_by": "dffb0e83-06f3-405b-9b6e-0e44e6b6a529",
    "user": "dffb0e83-06f3-405b-9b6e-0e44e6b6a529",
    "farm": "c1abee3a-865e-4d4c-837a-44eb4d4f552a",
    "field": null,
    "task": null,
    "description": "During work photo update",
    "latitude": "23.114180",
    "longitude": "72.540479",
    "photo": "field_activity/Screenshot_13.png",
    "status": "SUBMITTED",
    "verified_by": null,
    "verified_at": null,
    "recorded_at": "2026-06-24T14:23:18.621Z"
  }
},
{
  "model": "gps.fieldactivity",
  "pk": "346140bd-60be-4129-bd91-7e88c370f7e4",
  "fields": {
    "created_at": "2026-06-23T17:41:31.058Z",
    "updated_at": "2026-06-24T08:20:43.676Z",
    "is_active": true,
    "created_by": null,
    "user": "540b373b-dbd6-4afe-bc5c-6e95d9811a3b",
    "farm": "c1abee3a-865e-4d4c-837a-44eb4d4f552a",
    "field": null,
    "task": null,
    "description": "Checked in for work",
    "latitude": "23.072908",
    "longitude": "72.559540",
    "photo": "",
    "status": "VERIFIED",
    "verified_by": null,
    "verified_at": "2026-06-24T08:20:43.675Z",
    "recorded_at": "2026-06-23T17:41:26.627Z"
  }
},
{
  "model": "gps.fieldactivity",
  "pk": "48b3a066-de64-48d9-8629-6919ea0a338e",
  "fields": {
    "created_at": "2026-06-26T18:59:34.478Z",
    "updated_at": "2026-06-26T18:59:34.478Z",
    "is_active": true,
    "created_by": "7a30e618-f87b-47ee-bb6a-f8b799e912cd",
    "user": "7a30e618-f87b-47ee-bb6a-f8b799e912cd",
    "farm": "1359a817-9ea7-4c67-9355-af8eb5ef462f",
    "field": null,
    "task": null,
    "description": "During work photo update",
    "latitude": "23.073013",
    "longitude": "72.559659",
    "photo": "field_activity/adhar.jpg",
    "status": "SUBMITTED",
    "verified_by": null,
    "verified_at": null,
    "recorded_at": "2026-06-26T18:59:29.901Z"
  }
},
{
  "model": "gps.fieldactivity",
  "pk": "535fa92c-66bf-4298-a5b5-dcda6e2e599d",
  "fields": {
    "created_at": "2026-06-25T09:40:51.520Z",
    "updated_at": "2026-06-25T09:40:51.520Z",
    "is_active": true,
    "created_by": "7a30e618-f87b-47ee-bb6a-f8b799e912cd",
    "user": "7a30e618-f87b-47ee-bb6a-f8b799e912cd",
    "farm": "c1abee3a-865e-4d4c-837a-44eb4d4f552a",
    "field": null,
    "task": null,
    "description": "Checked in for work",
    "latitude": "23.114213",
    "longitude": "72.540497",
    "photo": "field_activity/IMG-20240614-WA0015_HZc8NfS.jpg",
    "status": "SUBMITTED",
    "verified_by": null,
    "verified_at": null,
    "recorded_at": "2026-06-25T09:40:48.579Z"
  }
},
{
  "model": "gps.fieldactivity",
  "pk": "5581d221-1970-4da1-8b56-893ea2910464",
  "fields": {
    "created_at": "2026-06-26T12:24:10.203Z",
    "updated_at": "2026-06-26T12:40:34.568Z",
    "is_active": true,
    "created_by": "7a30e618-f87b-47ee-bb6a-f8b799e912cd",
    "user": "7a30e618-f87b-47ee-bb6a-f8b799e912cd",
    "farm": "1359a817-9ea7-4c67-9355-af8eb5ef462f",
    "field": null,
    "task": null,
    "description": "During work photo update",
    "latitude": "23.114262",
    "longitude": "72.540521",
    "photo": "field_activity/133892603375452839_TKPDGG6.jpg",
    "status": "VERIFIED",
    "verified_by": "ef56c7a6-b735-42ca-8b84-25f327f9a8d6",
    "verified_at": "2026-06-26T12:40:34.567Z",
    "recorded_at": "2026-06-26T12:24:10.175Z"
  }
},
{
  "model": "gps.fieldactivity",
  "pk": "5a7f3636-8613-46dd-87cf-e41af6165ef7",
  "fields": {
    "created_at": "2026-06-25T09:37:00.983Z",
    "updated_at": "2026-06-25T09:37:00.983Z",
    "is_active": true,
    "created_by": "754efd9b-9266-4f35-9fb1-bffe73e7590b",
    "user": "754efd9b-9266-4f35-9fb1-bffe73e7590b",
    "farm": "c1abee3a-865e-4d4c-837a-44eb4d4f552a",
    "field": null,
    "task": null,
    "description": "Checked in for work",
    "latitude": "23.114183",
    "longitude": "72.540475",
    "photo": "field_activity/jitus_immigration.png",
    "status": "SUBMITTED",
    "verified_by": null,
    "verified_at": null,
    "recorded_at": "2026-06-25T09:36:57.906Z"
  }
},
{
  "model": "gps.fieldactivity",
  "pk": "5b56955c-3973-47e7-861c-2715c7037823",
  "fields": {
    "created_at": "2026-06-25T10:24:16.748Z",
    "updated_at": "2026-06-25T10:24:16.748Z",
    "is_active": true,
    "created_by": null,
    "user": "b1e91215-8b87-41cb-b0d6-f80ff430f912",
    "farm": "c1abee3a-865e-4d4c-837a-44eb4d4f552a",
    "field": null,
    "task": null,
    "description": "Checked in for work",
    "latitude": "23.114206",
    "longitude": "72.540488",
    "photo": "",
    "status": "SUBMITTED",
    "verified_by": null,
    "verified_at": null,
    "recorded_at": "2026-06-25T10:24:14.027Z"
  }
},
{
  "model": "gps.fieldactivity",
  "pk": "5d0ce7a2-9a02-4c11-af83-ae45b7d33aa3",
  "fields": {
    "created_at": "2026-06-22T11:50:17.877Z",
    "updated_at": "2026-06-24T10:41:46.701Z",
    "is_active": true,
    "created_by": null,
    "user": "540b373b-dbd6-4afe-bc5c-6e95d9811a3b",
    "farm": "c1abee3a-865e-4d4c-837a-44eb4d4f552a",
    "field": null,
    "task": null,
    "description": "Checked in for work",
    "latitude": "23.114214",
    "longitude": "72.540504",
    "photo": "",
    "status": "VERIFIED",
    "verified_by": null,
    "verified_at": "2026-06-24T10:41:46.701Z",
    "recorded_at": "2026-06-22T11:50:17.707Z"
  }
},
{
  "model": "gps.fieldactivity",
  "pk": "60577028-396e-47a8-872e-0d1ff61f8b53",
  "fields": {
    "created_at": "2026-06-24T10:00:09.992Z",
    "updated_at": "2026-06-24T10:07:51.324Z",
    "is_active": true,
    "created_by": "814ac1e2-6159-4e8a-a30a-eed4c8f266d4",
    "user": "814ac1e2-6159-4e8a-a30a-eed4c8f266d4",
    "farm": "c1abee3a-865e-4d4c-837a-44eb4d4f552a",
    "field": null,
    "task": null,
    "description": "Checked in for work",
    "latitude": "23.114168",
    "longitude": "72.540439",
    "photo": "field_activity/download.jpg",
    "status": "VERIFIED",
    "verified_by": null,
    "verified_at": "2026-06-24T10:07:51.323Z",
    "recorded_at": "2026-06-24T10:00:08.171Z"
  }
},
{
  "model": "gps.fieldactivity",
  "pk": "60fd4879-127a-4ebf-b2ba-5da38ca49f8f",
  "fields": {
    "created_at": "2026-06-26T19:26:17.568Z",
    "updated_at": "2026-06-26T19:27:05.809Z",
    "is_active": true,
    "created_by": "7a30e618-f87b-47ee-bb6a-f8b799e912cd",
    "user": "7a30e618-f87b-47ee-bb6a-f8b799e912cd",
    "farm": "1359a817-9ea7-4c67-9355-af8eb5ef462f",
    "field": null,
    "task": "23a975bc-8fbc-4211-a6f9-b4f3a3dc1a74",
    "description": "During work photo update",
    "latitude": "23.073035",
    "longitude": "72.559733",
    "photo": "field_activity/DSC_0039_H4LjhvK.JPG",
    "status": "VERIFIED",
    "verified_by": "ef56c7a6-b735-42ca-8b84-25f327f9a8d6",
    "verified_at": "2026-06-26T19:27:05.809Z",
    "recorded_at": "2026-06-26T19:26:14.774Z"
  }
},
{
  "model": "gps.fieldactivity",
  "pk": "79180cf7-e83d-415d-9c63-ed16c952e15d",
  "fields": {
    "created_at": "2026-06-25T09:37:46.981Z",
    "updated_at": "2026-06-25T09:37:46.981Z",
    "is_active": true,
    "created_by": "754efd9b-9266-4f35-9fb1-bffe73e7590b",
    "user": "754efd9b-9266-4f35-9fb1-bffe73e7590b",
    "farm": "c1abee3a-865e-4d4c-837a-44eb4d4f552a",
    "field": null,
    "task": null,
    "description": "During work photo update",
    "latitude": "23.114179",
    "longitude": "72.540473",
    "photo": "field_activity/WIN_20231204_04_14_39_Pro.jpg",
    "status": "SUBMITTED",
    "verified_by": null,
    "verified_at": null,
    "recorded_at": "2026-06-25T09:37:43.722Z"
  }
},
{
  "model": "gps.fieldactivity",
  "pk": "7af2b01c-5b0f-46e4-b0be-28eca0538f69",
  "fields": {
    "created_at": "2026-06-26T19:09:27.035Z",
    "updated_at": "2026-06-26T19:09:27.035Z",
    "is_active": true,
    "created_by": "7a30e618-f87b-47ee-bb6a-f8b799e912cd",
    "user": "7a30e618-f87b-47ee-bb6a-f8b799e912cd",
    "farm": "1359a817-9ea7-4c67-9355-af8eb5ef462f",
    "field": null,
    "task": null,
    "description": "During work photo update",
    "latitude": "23.073115",
    "longitude": "72.559789",
    "photo": "field_activity/DSC_0039.JPG",
    "status": "SUBMITTED",
    "verified_by": null,
    "verified_at": null,
    "recorded_at": "2026-06-26T19:09:24.068Z"
  }
},
{
  "model": "gps.fieldactivity",
  "pk": "804b8e68-7b8d-49d7-a72e-1106005befe3",
  "fields": {
    "created_at": "2026-06-22T11:50:17.221Z",
    "updated_at": "2026-06-24T10:41:48.635Z",
    "is_active": true,
    "created_by": null,
    "user": "613628b5-9ae8-4768-8a3b-05601cf5d738",
    "farm": "1359a817-9ea7-4c67-9355-af8eb5ef462f",
    "field": null,
    "task": null,
    "description": "Checked in for work",
    "latitude": "23.114214",
    "longitude": "72.540504",
    "photo": "",
    "status": "VERIFIED",
    "verified_by": null,
    "verified_at": "2026-06-24T10:41:48.635Z",
    "recorded_at": "2026-06-22T11:50:16.319Z"
  }
},
{
  "model": "gps.fieldactivity",
  "pk": "8bc56fda-d051-4920-855c-81d9e54ee131",
  "fields": {
    "created_at": "2026-06-26T11:58:48.834Z",
    "updated_at": "2026-06-26T11:58:48.835Z",
    "is_active": true,
    "created_by": "7a30e618-f87b-47ee-bb6a-f8b799e912cd",
    "user": "7a30e618-f87b-47ee-bb6a-f8b799e912cd",
    "farm": "1359a817-9ea7-4c67-9355-af8eb5ef462f",
    "field": null,
    "task": null,
    "description": "Checked in for work",
    "latitude": "23.114262",
    "longitude": "72.540505",
    "photo": "field_activity/133892603375452839.jpg",
    "status": "SUBMITTED",
    "verified_by": null,
    "verified_at": null,
    "recorded_at": "2026-06-26T11:58:47.717Z"
  }
},
{
  "model": "gps.fieldactivity",
  "pk": "8e2111c2-5389-46e5-8bae-fdb29d583e9e",
  "fields": {
    "created_at": "2026-06-26T19:29:33.588Z",
    "updated_at": "2026-06-26T19:29:33.588Z",
    "is_active": true,
    "created_by": "7a30e618-f87b-47ee-bb6a-f8b799e912cd",
    "user": "7a30e618-f87b-47ee-bb6a-f8b799e912cd",
    "farm": "1359a817-9ea7-4c67-9355-af8eb5ef462f",
    "field": null,
    "task": "a64d2997-e944-47c5-8131-6f17af0dc2c6",
    "description": "During work photo update",
    "latitude": "23.073092",
    "longitude": "72.559787",
    "photo": "field_activity/passport.jpg",
    "status": "SUBMITTED",
    "verified_by": null,
    "verified_at": null,
    "recorded_at": "2026-06-26T19:29:29.667Z"
  }
},
{
  "model": "gps.fieldactivity",
  "pk": "95f96da5-7933-4442-bc67-0659bb5aa508",
  "fields": {
    "created_at": "2026-06-26T18:57:42.992Z",
    "updated_at": "2026-06-26T18:57:42.992Z",
    "is_active": true,
    "created_by": "7a30e618-f87b-47ee-bb6a-f8b799e912cd",
    "user": "7a30e618-f87b-47ee-bb6a-f8b799e912cd",
    "farm": "1359a817-9ea7-4c67-9355-af8eb5ef462f",
    "field": null,
    "task": null,
    "description": "During work photo update",
    "latitude": "23.073149",
    "longitude": "72.559852",
    "photo": "field_activity/eyestation_4XLGFJl.jpg",
    "status": "SUBMITTED",
    "verified_by": null,
    "verified_at": null,
    "recorded_at": "2026-06-26T18:57:39.334Z"
  }
},
{
  "model": "gps.fieldactivity",
  "pk": "9f95705b-cd27-460c-8745-5499c81b45c6",
  "fields": {
    "created_at": "2026-06-22T11:50:18.307Z",
    "updated_at": "2026-06-24T10:41:43.632Z",
    "is_active": true,
    "created_by": null,
    "user": "7cd32a57-a60e-4797-87d8-9754de897160",
    "farm": "c1abee3a-865e-4d4c-837a-44eb4d4f552a",
    "field": null,
    "task": null,
    "description": "Checked in for work",
    "latitude": "23.114214",
    "longitude": "72.540504",
    "photo": "",
    "status": "VERIFIED",
    "verified_by": null,
    "verified_at": "2026-06-24T10:41:43.632Z",
    "recorded_at": "2026-06-22T11:50:18.134Z"
  }
},
{
  "model": "gps.fieldactivity",
  "pk": "a6a2c76a-7c12-49f5-b070-93d070651717",
  "fields": {
    "created_at": "2026-06-24T07:21:18.388Z",
    "updated_at": "2026-06-24T08:04:49.885Z",
    "is_active": true,
    "created_by": "83013cca-fca0-4300-86c0-a447c810d1f6",
    "user": "83013cca-fca0-4300-86c0-a447c810d1f6",
    "farm": "c1abee3a-865e-4d4c-837a-44eb4d4f552a",
    "field": null,
    "task": null,
    "description": "Checked in for work",
    "latitude": "23.114176",
    "longitude": "72.540463",
    "photo": "field_activity/HFTDE7874.JPG",
    "status": "VERIFIED",
    "verified_by": null,
    "verified_at": "2026-06-24T08:04:49.885Z",
    "recorded_at": "2026-06-24T07:21:14.459Z"
  }
},
{
  "model": "gps.fieldactivity",
  "pk": "c4b6bdc6-b446-4432-8fa0-e364cce14e68",
  "fields": {
    "created_at": "2026-06-25T09:39:03.400Z",
    "updated_at": "2026-06-25T09:39:03.401Z",
    "is_active": true,
    "created_by": "754efd9b-9266-4f35-9fb1-bffe73e7590b",
    "user": "754efd9b-9266-4f35-9fb1-bffe73e7590b",
    "farm": "c1abee3a-865e-4d4c-837a-44eb4d4f552a",
    "field": null,
    "task": null,
    "description": "During work photo update",
    "latitude": "23.114203",
    "longitude": "72.540491",
    "photo": "field_activity/IMG-20240614-WA0015.jpg",
    "status": "SUBMITTED",
    "verified_by": null,
    "verified_at": null,
    "recorded_at": "2026-06-25T09:39:01.009Z"
  }
},
{
  "model": "gps.fieldactivity",
  "pk": "c6c0a0d6-0cdb-438a-a93e-1a5a5a41de69",
  "fields": {
    "created_at": "2026-06-26T18:22:06.106Z",
    "updated_at": "2026-06-26T18:22:06.106Z",
    "is_active": true,
    "created_by": "7a30e618-f87b-47ee-bb6a-f8b799e912cd",
    "user": "7a30e618-f87b-47ee-bb6a-f8b799e912cd",
    "farm": "1359a817-9ea7-4c67-9355-af8eb5ef462f",
    "field": null,
    "task": null,
    "description": "During work photo update",
    "latitude": "23.073057",
    "longitude": "72.559705",
    "photo": "field_activity/eyestation_hyDMk6T.jpg",
    "status": "SUBMITTED",
    "verified_by": null,
    "verified_at": null,
    "recorded_at": "2026-06-26T18:22:03.242Z"
  }
},
{
  "model": "gps.fieldactivity",
  "pk": "c90cc3fc-c696-4938-82cf-ed1e75ff7753",
  "fields": {
    "created_at": "2026-06-26T18:36:15.488Z",
    "updated_at": "2026-06-26T18:36:15.488Z",
    "is_active": true,
    "created_by": "7a30e618-f87b-47ee-bb6a-f8b799e912cd",
    "user": "7a30e618-f87b-47ee-bb6a-f8b799e912cd",
    "farm": "1359a817-9ea7-4c67-9355-af8eb5ef462f",
    "field": null,
    "task": null,
    "description": "During work photo update",
    "latitude": "23.072970",
    "longitude": "72.559657",
    "photo": "field_activity/eyestation_OJsSqnv.jpg",
    "status": "SUBMITTED",
    "verified_by": null,
    "verified_at": null,
    "recorded_at": "2026-06-26T18:36:12.243Z"
  }
},
{
  "model": "gps.fieldactivity",
  "pk": "e4505bdc-3088-4c44-9101-1721ca7bf4da",
  "fields": {
    "created_at": "2026-06-26T18:06:24.945Z",
    "updated_at": "2026-06-26T18:06:24.945Z",
    "is_active": true,
    "created_by": "7a30e618-f87b-47ee-bb6a-f8b799e912cd",
    "user": "7a30e618-f87b-47ee-bb6a-f8b799e912cd",
    "farm": "1359a817-9ea7-4c67-9355-af8eb5ef462f",
    "field": null,
    "task": null,
    "description": "During work photo update",
    "latitude": "23.073014",
    "longitude": "72.559693",
    "photo": "field_activity/eyestation.jpg",
    "status": "SUBMITTED",
    "verified_by": null,
    "verified_at": null,
    "recorded_at": "2026-06-26T18:06:20.354Z"
  }
},
{
  "model": "gps.fieldactivity",
  "pk": "fd157cbe-efe1-4f4e-ad0b-bdc3c952ed10",
  "fields": {
    "created_at": "2026-06-24T14:03:23.505Z",
    "updated_at": "2026-06-24T14:03:23.505Z",
    "is_active": true,
    "created_by": "dffb0e83-06f3-405b-9b6e-0e44e6b6a529",
    "user": "dffb0e83-06f3-405b-9b6e-0e44e6b6a529",
    "farm": "c1abee3a-865e-4d4c-837a-44eb4d4f552a",
    "field": null,
    "task": null,
    "description": "During work photo update",
    "latitude": "23.114179",
    "longitude": "72.540464",
    "photo": "field_activity/Screenshot_41.png",
    "status": "SUBMITTED",
    "verified_by": null,
    "verified_at": null,
    "recorded_at": "2026-06-24T14:03:18.798Z"
  }
},
{
  "model": "gps.fieldactivity",
  "pk": "ff8114ce-0133-4764-b619-15ff77554aa9",
  "fields": {
    "created_at": "2026-06-24T14:04:17.879Z",
    "updated_at": "2026-06-24T14:04:17.879Z",
    "is_active": true,
    "created_by": "dffb0e83-06f3-405b-9b6e-0e44e6b6a529",
    "user": "dffb0e83-06f3-405b-9b6e-0e44e6b6a529",
    "farm": "c1abee3a-865e-4d4c-837a-44eb4d4f552a",
    "field": null,
    "task": null,
    "description": "During work photo update",
    "latitude": "23.114190",
    "longitude": "72.540474",
    "photo": "field_activity/Screenshot_14.png",
    "status": "SUBMITTED",
    "verified_by": null,
    "verified_at": null,
    "recorded_at": "2026-06-24T14:04:13.497Z"
  }
},
{
  "model": "breakdowns.breakdownreport",
  "pk": "234786c7-77f4-46f6-b16d-61380baf2d9e",
  "fields": {
    "created_at": "2026-06-23T13:25:07.297Z",
    "updated_at": "2026-06-25T12:51:00.306Z",
    "is_active": false,
    "created_by": "83013cca-fca0-4300-86c0-a447c810d1f6",
    "farm": "c1abee3a-865e-4d4c-837a-44eb4d4f552a",
    "machine_name": "nhi",
    "severity": "MEDIUM",
    "details": "no",
    "photo": "breakdowns/WhatsApp_Image_2023-12-03_at_23.21.52_e73ff8a7.jpg",
    "latitude": null,
    "longitude": null,
    "status": "ACKNOWLEDGED",
    "acknowledged_by": null,
    "resolution_notes": "",
    "resolved_at": null
  }
},
{
  "model": "assets.asset",
  "pk": "697a46f3-1ba8-4951-aee3-9b819e3bc378",
  "fields": {
    "created_at": "2026-06-24T09:24:41.134Z",
    "updated_at": "2026-06-24T09:24:41.134Z",
    "is_active": true,
    "created_by": null,
    "farm": "c1abee3a-865e-4d4c-837a-44eb4d4f552a",
    "name": "tractor",
    "code": "",
    "asset_type": "VEHICLE",
    "manufacturer": "",
    "model_number": "",
    "serial_number": "",
    "purchase_date": "2026-06-24",
    "purchase_cost": "1200000.00",
    "current_value": "100000.00",
    "status": "ACTIVE",
    "assigned_to": "429f93d7-cea3-4a98-b6c4-dacad87a4e8a",
    "photo": "",
    "notes": ""
  }
},
{
  "model": "assets.asset",
  "pk": "6cb34014-5fb6-4d56-bbe9-07d76b64b659",
  "fields": {
    "created_at": "2026-06-19T12:29:13.199Z",
    "updated_at": "2026-06-19T12:29:13.200Z",
    "is_active": true,
    "created_by": null,
    "farm": "c1abee3a-865e-4d4c-837a-44eb4d4f552a",
    "name": "hii",
    "code": "",
    "asset_type": "TOOL",
    "manufacturer": "",
    "model_number": "",
    "serial_number": "",
    "purchase_date": null,
    "purchase_cost": "0.00",
    "current_value": "0.00",
    "status": "ACTIVE",
    "assigned_to": null,
    "photo": "",
    "notes": ""
  }
},
{
  "model": "assets.asset",
  "pk": "b0fc0a3f-690e-4cce-835c-0e7dc68b200a",
  "fields": {
    "created_at": "2026-06-22T07:26:45.926Z",
    "updated_at": "2026-06-22T07:26:45.926Z",
    "is_active": true,
    "created_by": null,
    "farm": "c1abee3a-865e-4d4c-837a-44eb4d4f552a",
    "name": "seeds",
    "code": "",
    "asset_type": "VEHICLE",
    "manufacturer": "dghgh",
    "model_number": "1233",
    "serial_number": "123",
    "purchase_date": "2026-06-13",
    "purchase_cost": "12000.00",
    "current_value": "100000.00",
    "status": "UNDER_REPAIR",
    "assigned_to": null,
    "photo": "",
    "notes": "tgfg"
  }
},
{
  "model": "assets.assetmaintenance",
  "pk": "4504f8af-74a0-4483-b8fd-4592e38bb697",
  "fields": {
    "created_at": "2026-06-22T07:27:59.055Z",
    "updated_at": "2026-06-22T07:27:59.055Z",
    "is_active": true,
    "created_by": null,
    "asset": "b0fc0a3f-690e-4cce-835c-0e7dc68b200a",
    "date": "2026-06-12",
    "maintenance_type": "OTHER",
    "description": "hhggn",
    "cost": "2.00",
    "performed_by": "mn",
    "next_due_date": "2026-07-10"
  }
}
]
